productId,name,tagline,description,url,websiteUrl,avatarUrl,monthlyRevenueUSD,numFollowers,twitterHandle,startDate,createdAt,publishedAt,updatedAt,founderUserIds,verticals,revenueModels,funding,platforms,allTags,scrapedAt
party-invitation-ai,Party Invitation AI,AI Party Invitation Card Generator with Built-in Online RSVP,"I kept throwing parties but dreading the prep — designing invitations, then chasing RSVPs across group chats. Every single time. AI can generate images now, so why not just make a beautiful invitation and handle the RSVP",https://www.indiehackers.com/product/party-invitation-ai,https://partyinvitation.ai,https://storage.googleapis.com/indie-hackers.appspot.com/product-avatars/party-invitation-ai/swkvoDoJ48MtiCFbR6NrE4D9PJf1,1000,1,,2026-04,2026-04-13T19:49:56.233Z,2026-04-13T19:49:56.199Z,2026-04-13T19:56:48.392Z,swkvoDoJ48MtiCFbR6NrE4D9PJf1,"ai,b2c,design,saas",subscription,"seed,self",web,"commitment-full-time,employees-under-10,founders-code-yes,founders-solo,funding-seed,funding-self,platform-web,revenue-model-subscription,vertical-ai,vertical-b2c,vertical-design,vertical-saas",2026-04-13T21:01:34.470Z
rentalot-ai,Rentalot.ai,"The AI leasing platform — chat, screening, scheduling","I built the AI leasing agent I wished I had: it reads the listing, replies to inquiries in seconds, pre-screens tenants with voice, books showings on his calendar, and keeps nudging prospects that ghost.",https://www.indiehackers.com/product/rentalot-ai,https://rentalot.ai,https://storage.googleapis.com/indie-hackers.appspot.com/product-avatars/rentalot-ai/toB2GYmfXPVwhzI1twuOxptpnEI3,200,1,arielfrischer,2026-02,2026-04-13T19:32:54.737Z,2026-04-13T19:32:54.673Z,2026-04-13T19:46:19.239Z,toB2GYmfXPVwhzI1twuOxptpnEI3,"ai,apis,bots,data,open-source,productivity,real-estate,saas",subscription,bootstrapped,web,"commitment-full-time,employees-under-10,founders-code-yes,founders-solo,funding-bootstrapped,platform-web,revenue-model-subscription,vertical-ai,vertical-apis,vertical-bots,vertical-data,vertical-open-source,vertical-productivity,vertical-real-estate,vertical-saas",2026-04-13T21:01:34.470Z
nextloom-ai,nextloom.ai,Paste a JD. Get interview-ready. That simple.,"I'm Haichao, a software engineer who got tired of the job search circus. Every application meant: rewrite the resume, track it in a spreadsheet, draft a cover letter from scratch, forget to follow up, panic before the in",https://www.indiehackers.com/product/nextloom-ai,https://nextloom.ai,https://storage.googleapis.com/indie-hackers.appspot.com/product-avatars/nextloom-ai/Jng6eWQJLsSrd61rTKdVUX7a4JH3,18,1,steven_hczhang,2025-11,2026-04-13T18:59:45.938Z,2026-04-13T18:59:45.844Z,2026-04-13T19:15:21.841Z,Jng6eWQJLsSrd61rTKdVUX7a4JH3,"ai,bots,jobs-hiring,productivity","free,subscription",self,"mobile,web","commitment-side-project,employees-0,founders-code-yes,founders-solo,funding-self,platform-mobile,platform-web,revenue-model-free,revenue-model-subscription,vertical-ai,vertical-bots,vertical-jobs-hiring,vertical-productivity",2026-04-13T21:01:34.470Z
inox,Inox,We built AI-powered block management software,"Block management is complex enough without bad software making it harder. Inox uses AI to automate invoice processing, bank reconciliation and leaseholder communication for UK managing agents.",https://www.indiehackers.com/product/inox,https://www.inoxliving.io/,https://storage.googleapis.com/indie-hackers.appspot.com/product-avatars/inox/PqqsT4HSUWfRvykPNleDJCglcXr2,0,1,,2023-02,2026-04-13T18:55:03.202Z,2026-04-13T18:55:03.041Z,2026-04-13T19:07:07.301Z,PqqsT4HSUWfRvykPNleDJCglcXr2,"ai,b2b,data,payments,privacy-security,real-estate,task-management",subscription,"bootstrapped,seed","android,ios,mobile,web","commitment-full-time,employees-10-plus,founders-code-no,founders-solo,funding-bootstrapped,funding-seed,platform-android,platform-ios,platform-mobile,platform-web,revenue-model-subscription,vertical-ai,vertical-b2b,vertical-data,vertical-payments,vertical-privacy-security,vertical-real-estate,vertical-task-management",2026-04-13T21:01:34.470Z
veltro,Veltro,See further. Act faster,"I started Veltro out of pure frustration — I could track my portfolio everywhere, but I had no real sense of where my decisions were actually taking me.",https://www.indiehackers.com/product/veltro,https://veltro.finance/,https://storage.googleapis.com/indie-hackers.appspot.com/product-avatars/veltro/YqAx4aUTFkfmDYrAIJIkVVfH0rm1,0,1,,2025-11,2026-04-13T18:37:40.116Z,2026-04-13T18:37:40.002Z,2026-04-13T18:48:40.114Z,YqAx4aUTFkfmDYrAIJIkVVfH0rm1,"ai,analytics,apis,cryptocurrency,finance,growth,investing",subscription,self,web,"commitment-side-project,employees-0,founders-code-yes,founders-solo,funding-self,platform-web,revenue-model-subscription,vertical-ai,vertical-analytics,vertical-apis,vertical-cryptocurrency,vertical-finance,vertical-growth,vertical-investing",2026-04-13T21:01:34.470Z
localkit,localkit,"From now on multiple tool for image, pdf, etc is replaced","One question always pinned my mind when I upload personal image, pdf or notes only is this secure. 
Just this question let localkit born.",https://www.indiehackers.com/product/localkit,https://localkitapp.github.io/,https://storage.googleapis.com/indie-hackers.appspot.com/product-avatars/localkit/642qVAN59yXAYTQZy8nq5sTpMF53,0,1,,2026-02,2026-04-13T18:15:17.383Z,2026-04-13T18:15:16.106Z,2026-04-13T18:25:29.095Z,642qVAN59yXAYTQZy8nq5sTpMF53,"ai,analytics,education,fashion,jobs-hiring,privacy-security,productivity,programming,saas",subscription,self,browser,"commitment-side-project,employees-0,founders-code-yes,founders-solo,funding-self,platform-browser,revenue-model-subscription,vertical-ai,vertical-analytics,vertical-education,vertical-fashion,vertical-jobs-hiring,vertical-privacy-security,vertical-productivity,vertical-programming,vertical-saas",2026-04-13T21:01:34.470Z
archpath-ai,ArchPath AI,AI-powered career roadmap generator for tech students.,ArchPath AI bridges the massive gap between traditional college syllabuses and actual industry demands.,https://www.indiehackers.com/product/archpath-ai,https://archpath.vercel.app,https://storage.googleapis.com/indie-hackers.appspot.com/product-avatars/archpath-ai/moHsiSC7ytR4tNM1WOxrIPQwhCK2,0,1,,2026-04,2026-04-13T18:11:49.610Z,2026-04-13T18:11:48.689Z,2026-04-13T18:19:51.285Z,moHsiSC7ytR4tNM1WOxrIPQwhCK2,"ai,open-source,science-engineering",free,self,"android,desktop,ios,mac,mobile,pc,web","commitment-full-time,employees-0,founders-code-yes,founders-solo,funding-self,platform-android,platform-desktop,platform-ios,platform-mac,platform-mobile,platform-pc,platform-web,revenue-model-free,vertical-ai,vertical-open-source,vertical-science-engineering",2026-04-13T21:01:34.470Z
pixelseo,pixelseo,Pixel prefect image metadata.,I created pixelseo to solve the frustration of doing image seo manually or in several  products/tools. I use pixelseo for my own sites and clients and I believe it something that can help others work more efficiently.,https://www.indiehackers.com/product/pixelseo,https://pixelseo.ai,https://storage.googleapis.com/indie-hackers.appspot.com/product-avatars/pixelseo/Rwe1WUKXeuVz7ssVEL603FkF7Yo2,7,1,,2026-02,2026-04-13T16:29:03.617Z,2026-04-13T16:29:02.771Z,2026-04-13T16:35:24.544Z,Rwe1WUKXeuVz7ssVEL603FkF7Yo2,"ai,content,marketing,wordpress",transactional,self,web,"commitment-side-project,employees-0,founders-code-no,founders-solo,funding-self,platform-web,revenue-model-transactional,vertical-ai,vertical-content,vertical-marketing,vertical-wordpress",2026-04-13T21:01:34.470Z
agecanvas,AgeCanvas,See Your Future Self,"AgeCanvas exists to make age progression simple, fast, and fun for everyone.",https://www.indiehackers.com/product/agecanvas,https://agecanvas.com,https://storage.googleapis.com/indie-hackers.appspot.com/product-avatars/agecanvas/U93Jken8tme3CDLfhBzl3sHNN3I2,0,1,,2026-03,2026-04-13T16:07:50.403Z,2026-04-13T16:07:42.550Z,2026-04-13T16:18:46.655Z,U93Jken8tme3CDLfhBzl3sHNN3I2,"ai,privacy-security",subscription,self,web,"commitment-full-time,employees-0,founders-code-yes,founders-solo,funding-self,platform-web,revenue-model-subscription,vertical-ai,vertical-privacy-security",2026-04-13T21:01:34.470Z
custom-software-development-3,Custom Software Development,Custom software for real world business workflows,Custom software replaces rigid tools and manual work with systems built around how a business actually operates.,https://www.indiehackers.com/product/custom-software-development-3,https://www.konverge.com/,https://storage.googleapis.com/indie-hackers.appspot.com/product-avatars/custom-software-development-3/qTM5RIOKNUg5yz038u9eh9pcxJk1,500000,1,Konver,1994-01,2026-04-13T15:45:17.800Z,2026-04-13T15:45:17.778Z,2026-04-13T15:52:46.348Z,qTM5RIOKNUg5yz038u9eh9pcxJk1,"b2b,saas",consulting,self,web,"commitment-full-time,employees-50-plus,founder-multi,founders-code-yes,funding-self,platform-web,revenue-model-consulting,vertical-b2b,vertical-saas",2026-04-13T21:01:34.470Z
lynx-signal,Lynx Signal,Your Next Deal Is Already On LinkedIn. Stop Missing It.,"Every day, your ideal clients post about problems they urgently need solved — and 90% of sales reps never see it. Lynx Signal catches every buying signal in real time so you reach out before your competitor does.",https://www.indiehackers.com/product/lynx-signal,https://www.lynxsignal.com/,https://storage.googleapis.com/indie-hackers.appspot.com/product-avatars/lynx-signal/O7ePjcRjHqNo45pBVwda9LYOYsK2,0,1,,2026-02,2026-04-13T15:28:46.994Z,2026-04-13T15:28:46.696Z,2026-04-13T15:32:42.328Z,O7ePjcRjHqNo45pBVwda9LYOYsK2,"ai,b2b,b2c,jobs-hiring,saas,sales","partnerships,subscription,transactional",self,"browser,desktop,pc,web","commitment-side-project,employees-under-10,founders-code-yes,founders-solo,funding-self,platform-browser,platform-desktop,platform-pc,platform-web,revenue-model-partnerships,revenue-model-subscription,revenue-model-transactional,vertical-ai,vertical-b2b,vertical-b2c,vertical-jobs-hiring,vertical-saas,vertical-sales",2026-04-13T21:01:34.470Z
ai-ux-assistant-for-wordpress,AI UX Assistant for WordPress,The AI writing assistant built directly into WordPress.,I wanted to build something that keeps users inside WordPress and lets them improve content instantly where they actually work — inside the editor.,https://www.indiehackers.com/product/ai-ux-assistant-for-wordpress,https://zqdev.gumroad.com/l/dzbrfy,https://storage.googleapis.com/indie-hackers.appspot.com/product-avatars/ai-ux-assistant-for-wordpress/jYu1KFKsObYI6GILdZiWfbJjMh42,0,1,,2026-02,2026-04-13T15:24:30.430Z,2026-04-13T15:24:31.092Z,2026-04-13T18:42:31.139Z,jYu1KFKsObYI6GILdZiWfbJjMh42,"ai,apis,saas,wordpress",transactional,self,"pc,web","commitment-full-time,employees-0,founders-code-yes,founders-solo,funding-self,platform-pc,platform-web,revenue-model-transactional,vertical-ai,vertical-apis,vertical-saas,vertical-wordpress",2026-04-13T21:01:34.470Z
gmail-ai-reply,Gmail AI Reply,Stop wasting time writing email replies,"I was tired of spending 10 minutes crafting the perfect reply so I decided to create Gmail AI Reply that generates professional, context-aware email responses in seconds — directly inside Gmail.",https://www.indiehackers.com/product/gmail-ai-reply,https://www.gmailaireply.com/,https://storage.googleapis.com/indie-hackers.appspot.com/product-avatars/gmail-ai-reply/O7ePjcRjHqNo45pBVwda9LYOYsK2,0,1,,2026-02,2026-04-13T15:16:27.513Z,2026-04-13T15:16:27.202Z,2026-04-13T15:22:46.326Z,O7ePjcRjHqNo45pBVwda9LYOYsK2,"ai,communication,saas,writing",subscription,self,"desktop,pc,web","commitment-side-project,employees-under-10,founders-code-yes,founders-solo,funding-self,platform-desktop,platform-pc,platform-web,revenue-model-subscription,vertical-ai,vertical-communication,vertical-saas,vertical-writing",2026-04-13T21:01:34.470Z
img2img-ai-2,Img2Img AI,Best Image to Image AI – Free AI Image Generator From Images,"An all-in-one image to image AI generator (img2img). Upload a photo to edit, enhance, restyle, outpaint, and add one-click AI effects—no skills needed.",https://www.indiehackers.com/product/img2img-ai-2,https://imgtoimg-ai.com/,https://storage.googleapis.com/indie-hackers.appspot.com/product-avatars/img2img-ai-2/OAwt413PxhakHR3KNdRUGg9pJ2s1,5000,1,,2025-06,2026-04-13T13:40:31.743Z,2026-04-13T13:40:31.118Z,2026-04-13T13:43:58.855Z,OAwt413PxhakHR3KNdRUGg9pJ2s1,"ai,art,content,design",subscription,self,web,"commitment-side-project,employees-under-10,founders-code-yes,founders-solo,funding-self,platform-web,revenue-model-subscription,vertical-ai,vertical-art,vertical-content,vertical-design",2026-04-13T21:01:34.470Z
soralum-ai,SoraLum AI,Best All in one AI Video/Image Generator & Editor,"Create images, prompts, and videos in one AI workspace. Generate, edit, restyle, and animate content faster with image-to-image and text-to-video tools online.",https://www.indiehackers.com/product/soralum-ai,https://soralum.com/,https://storage.googleapis.com/indie-hackers.appspot.com/product-avatars/soralum-ai/OAwt413PxhakHR3KNdRUGg9pJ2s1,10000,1,,2026-01,2026-04-13T13:32:14.069Z,2026-04-13T13:32:13.460Z,2026-04-13T13:37:53.218Z,OAwt413PxhakHR3KNdRUGg9pJ2s1,"ai,art,design","advertising,subscription",self,web,"commitment-full-time,employees-10-plus,founders-code-yes,founders-solo,funding-self,platform-web,revenue-model-advertising,revenue-model-subscription,vertical-ai,vertical-art,vertical-design",2026-04-13T21:01:34.470Z
softhunt,SoftHunt,"The home of European software, SoftHunt.eu","Most software directories are US-centric by default. European makers building privacy-first tools deserve a place to launch and get discovered, without their products getting lost among thousands of US SaaS listings. ",https://www.indiehackers.com/product/softhunt,https://softhunt.eu/,https://storage.googleapis.com/indie-hackers.appspot.com/product-avatars/softhunt/9sTisBZvGvZ24ymjMAUTQQvoH043,0,1,,2026-03,2026-04-13T12:46:25.032Z,2026-04-13T12:46:23.821Z,2026-04-13T12:50:37.110Z,9sTisBZvGvZ24ymjMAUTQQvoH043,"advertising,b2b,b2c,community,email-marketing,growth,open-source,saas",free,self,web,"commitment-full-time,employees-under-10,founders-code-yes,founders-solo,funding-self,platform-web,revenue-model-free,vertical-advertising,vertical-b2b,vertical-b2c,vertical-community,vertical-email-marketing,vertical-growth,vertical-open-source,vertical-saas",2026-04-13T21:01:34.470Z
focus-blocker,Focus Blocker,Minimal distraction blocker without streaks or gamification,"I built Focus Blocker because most productivity apps felt overwhelming.
Too many streaks, rewards, and notifications added pressure instead of helping me focus.
I wanted something simpler — just block distractions",https://www.indiehackers.com/product/focus-blocker,https://play.google.com/store/apps/details?id=com.gravitypoint.focusblocker,https://storage.googleapis.com/indie-hackers.appspot.com/product-avatars/focus-blocker/Vv1sqqfXZTZD6E8emGkikbzcDQw2,0,1,,2025-11,2026-04-13T12:46:18.828Z,2026-04-13T12:46:18.786Z,2026-04-13T13:01:53.867Z,Vv1sqqfXZTZD6E8emGkikbzcDQw2,"b2c,productivity,task-management,utilities","subscription,transactional",self,android,"commitment-side-project,employees-0,founders-code-yes,founders-solo,funding-self,platform-android,revenue-model-subscription,revenue-model-transactional,vertical-b2c,vertical-productivity,vertical-task-management,vertical-utilities",2026-04-13T21:01:34.470Z
manifest-mosaic,Manifest Mosaic,AI manifestation coach with your face in every scene,I built the manifestation tool I wished existed. Every vision board app gives you stock photos Your brain knows that's not you. So it never works. Manifest Mosaic uses AI to put YOUR face into your dream life.,https://www.indiehackers.com/product/manifest-mosaic,https://manifestmosaic.com,https://storage.googleapis.com/indie-hackers.appspot.com/product-avatars/manifest-mosaic/t58Nv04OGRZyEHFNWR8UZ9TCxrj2,0,1,manifestmosaic,2025-11,2026-04-13T12:37:27.336Z,2026-04-13T12:37:26.846Z,2026-04-13T12:57:39.960Z,t58Nv04OGRZyEHFNWR8UZ9TCxrj2,"ai,apis,b2c,community,design,entertainment,health-fitness,photography",subscription,bootstrapped,"desktop,mobile,web","commitment-side-project,employees-under-10,founders-code-yes,founders-solo,funding-bootstrapped,platform-desktop,platform-mobile,platform-web,revenue-model-subscription,vertical-ai,vertical-apis,vertical-b2c,vertical-community,vertical-design,vertical-entertainment,vertical-health-fitness,vertical-photography",2026-04-13T21:01:34.470Z
rank-alert,Rank Alert,Email alerts & Recommendations to improve your SEO,Manually going to Google Search Console every day and trying to work out what I could do to fix my ranking. This was becoming such a big task but it was working when I did the fixes. RankAlert fixes this and saves time,https://www.indiehackers.com/product/rank-alert,https://www.rankalert.co.uk/,https://storage.googleapis.com/indie-hackers.appspot.com/product-avatars/rank-alert/Ch707lWxraRSQtb0XaiXpA5Cj7g2,0,1,,2026-03,2026-04-13T11:44:57.507Z,2026-04-13T11:44:57.264Z,2026-04-13T11:49:34.961Z,Ch707lWxraRSQtb0XaiXpA5Cj7g2,"ai,analytics,apis,content,marketing,programming,saas,web3,wordpress,writing",subscription,self,"mobile,pc,web","commitment-side-project,employees-0,founders-code-yes,founders-solo,funding-self,platform-mobile,platform-pc,platform-web,revenue-model-subscription,vertical-ai,vertical-analytics,vertical-apis,vertical-content,vertical-marketing,vertical-programming,vertical-saas,vertical-web3,vertical-wordpress,vertical-writing,stripe-verified-revenue",2026-04-13T21:01:34.470Z
r-the-storyteller,"R ""The Storyteller""",A practical guide to narrative analytics in R,"I created R: The Storyteller because most R resources teach syntax, not communication. Data only becomes valuable when it tells a clear story. This ebook exists to help people transform raw data into meaningful insights ",https://www.indiehackers.com/product/r-the-storyteller,https://payhip.com/CrisDigital,https://storage.googleapis.com/indie-hackers.appspot.com/product-avatars/r-the-storyteller/wTkexc0YOsZvg2rhkUKYhU9pXRT2,0,1,,2025-05,2026-04-13T11:40:51.270Z,2026-04-13T11:40:52.981Z,2026-04-13T12:01:24.324Z,wTkexc0YOsZvg2rhkUKYhU9pXRT2,"analytics,communication,education,programming",consulting,self,desktop,"commitment-full-time,employees-under-10,founders-code-yes,founders-solo,funding-self,platform-desktop,revenue-model-consulting,vertical-analytics,vertical-communication,vertical-education,vertical-programming",2026-04-13T21:01:34.470Z
domebox,Domebox,Team Management Software,As a working on a manufacturing company its always being so hard to remember everything at once also my team forgets some major task to do and chaos happens. So i developed this.,https://www.indiehackers.com/product/domebox,https://domebox.in/,https://storage.googleapis.com/indie-hackers.appspot.com/product-avatars/domebox/RiS1t2oMfsWXOtqYAwybglPXemw1,100,1,,2025-01,2026-04-13T11:26:31.857Z,2026-04-13T11:26:31.669Z,2026-04-13T11:41:46.194Z,RiS1t2oMfsWXOtqYAwybglPXemw1,"b2b,b2c,growth,programming,saas,task-management,utilities",subscription,bootstrapped,web,"commitment-side-project,employees-under-10,founder-multi,founders-code-yes,funding-bootstrapped,platform-web,revenue-model-subscription,vertical-b2b,vertical-b2c,vertical-growth,vertical-programming,vertical-saas,vertical-task-management,vertical-utilities",2026-04-13T21:01:34.470Z
predimail,PREDIMAIL,AI email assistant that actually knows what to say,"We built PREDIMAIL because most AI email tools help you write faster, but don’t help you know what to say.
Emails depend on context — past conversations, internal knowledge, and consistent answers.
PREDIMAIL connects AI ",https://www.indiehackers.com/product/predimail,https://predimail.com,https://storage.googleapis.com/indie-hackers.appspot.com/product-avatars/predimail/6jpL6ypiAxV8ttMThA2ao0EUivo1,4000,1,predim,2024-06,2026-04-13T11:25:14.922Z,2026-04-13T11:25:15.772Z,2026-04-13T11:30:31.882Z,6jpL6ypiAxV8ttMThA2ao0EUivo1,"ai,productivity",subscription,self,web,"commitment-side-project,employees-under-10,founders-code-no,founders-solo,funding-self,platform-web,revenue-model-subscription,vertical-ai,vertical-productivity",2026-04-13T21:01:34.470Z
revenue-multiplication-engine-2,Revenue Multiplication Engine,14-Day System to Recover Lost Revenue & 2–5x Your Existing T,"Most founders don’t have a traffic problem — they’re leaking revenue.
I fix your funnel’s conversion and monetization leaks in 14 days — turning existing traffic into 2x–5x more revenue.",https://www.indiehackers.com/product/revenue-multiplication-engine-2,https://docs.google.com/document/d/1J6FlYgfIJ4BYXYMJdHwOVuZ7jMgKYSfJvc5NMivy2Fw/edit?usp=drivesdk,https://storage.googleapis.com/indie-hackers.appspot.com/product-avatars/revenue-multiplication-engine-2/kuJpKkm1NAZuEjQk98HMNiGkEXK2,1000,1,,2025-04,2026-04-13T11:00:12.704Z,2026-04-13T10:58:57.633Z,2026-04-13T11:03:19.302Z,kuJpKkm1NAZuEjQk98HMNiGkEXK2,"advertising,agriculture,ai,analytics,apis,art,b2b,b2c,biotechnology,books,bots,calendar,clothing,communication,community,content,cro,cryptocurrency,data,design,e-commerce,education,email-marketing,energy,entertainment,events,fashion,finance,food-drinks,games,government,growth,hardware,health-fitness,home-automation,investing,jobs-hiring,kids,legal,mailing-lists,marketing,marketplaces,medical,military,movies-video,music-audio,navigation-mapping,news-magazines,open-source,outdoors,payments,photography,podcasting,politics,privacy-security,productivity,professional-services,programming,real-estate,saas,sales,science-engineering,shopping,social-media,sports,task-management,transportation,travel,utilities,wearables,weather,web3,wordpress,writing","consulting,transactional","bootstrapped,crowd","android,browser,desktop,ios,mac","commitment-full-time,employees-0,founders-code-yes,founders-solo,funding-bootstrapped,funding-crowd,platform-android,platform-browser,platform-desktop,platform-ios,platform-mac,revenue-model-consulting,revenue-model-transactional,vertical-advertising,vertical-agriculture,vertical-ai,vertical-analytics,vertical-apis,vertical-art,vertical-b2b,vertical-b2c,vertical-biotechnology,vertical-books,vertical-bots,vertical-calendar,vertical-clothing,vertical-communication,vertical-community,vertical-content,vertical-cro,vertical-cryptocurrency,vertical-data,vertical-design,vertical-e-commerce,vertical-education,vertical-email-marketing,vertical-energy,vertical-entertainment,vertical-events,vertical-fashion,vertical-finance,vertical-food-drinks,vertical-games,vertical-government,vertical-growth,vertical-hardware,vertical-health-fitness,vertical-home-automation,vertical-investing,vertical-jobs-hiring,vertical-kids,vertical-legal,vertical-mailing-lists,vertical-marketing,vertical-marketplaces,vertical-medical,vertical-military,vertical-movies-video,vertical-music-audio,vertical-navigation-mapping,vertical-news-magazines,vertical-open-source,vertical-outdoors,vertical-payments,vertical-photography,vertical-podcasting,vertical-politics,vertical-privacy-security,vertical-productivity,vertical-professional-services,vertical-programming,vertical-real-estate,vertical-saas,vertical-sales,vertical-science-engineering,vertical-shopping,vertical-social-media,vertical-sports,vertical-task-management,vertical-transportation,vertical-travel,vertical-utilities,vertical-wearables,vertical-weather,vertical-web3,vertical-wordpress,vertical-writing",2026-04-13T21:01:34.470Z
mentorkul,MentorKul,24/7 mentorship through AI Twins and real human mentors,No family in tech. No mentor. No guidance. Just figured it out alone. I built MentorKul because nobody should have to navigate their career without support.,https://www.indiehackers.com/product/mentorkul,https://mentorkul.com,https://storage.googleapis.com/indie-hackers.appspot.com/product-avatars/mentorkul/oKLiyY0MwCYJZhlmKbFx2u4tKEj1,0,1,,2026-02,2026-04-13T10:43:04.532Z,2026-04-13T10:43:04.220Z,2026-04-13T10:52:07.175Z,oKLiyY0MwCYJZhlmKbFx2u4tKEj1,"ai,b2b,b2c,communication,community,education,professional-services","advertising,commission,consulting,free,partnerships,subscription,transactional",self,"pc,web","commitment-side-project,employees-0,founders-code-yes,founders-solo,funding-self,platform-pc,platform-web,revenue-model-advertising,revenue-model-commission,revenue-model-consulting,revenue-model-free,revenue-model-partnerships,revenue-model-subscription,revenue-model-transactional,vertical-ai,vertical-b2b,vertical-b2c,vertical-communication,vertical-community,vertical-education,vertical-professional-services",2026-04-13T21:01:34.470Z
inventory-management,Inventory Management,"Still Managing Inventory in Excel? Track stock, billing","Businesses lose revenue and efficiency due to poor inventory visibility. We’re building Inventra to give them real-time control, eliminate manual errors, and help them scale operations without chaos.",https://www.indiehackers.com/product/inventory-management,https://www.inventraapp.in,https://storage.googleapis.com/indie-hackers.appspot.com/product-avatars/inventory-management/iDznPUA9l5RDqGk4JEbG2R344By1,0,1,,2026-04,2026-04-13T10:16:24.597Z,2026-04-13T10:16:26.217Z,2026-04-13T10:29:39.541Z,iDznPUA9l5RDqGk4JEbG2R344By1,"analytics,b2b,productivity,saas,sales","free,subscription,transactional",self,web,"commitment-side-project,employees-0,founders-code-yes,founders-solo,funding-self,platform-web,revenue-model-free,revenue-model-subscription,revenue-model-transactional,vertical-analytics,vertical-b2b,vertical-productivity,vertical-saas,vertical-sales",2026-04-13T21:01:34.470Z
kairos-connect,Kairos Connect,"The next-generation, AI-native Work Operating System","Kairos Connect is a next-generation, AI-native Work Operating System that replaces the fragmented collection of tools slowing modern teams down.",https://www.indiehackers.com/product/kairos-connect,https://thekairos.app,https://storage.googleapis.com/indie-hackers.appspot.com/product-avatars/kairos-connect/pSyeyjvUjJak0ionna9eTTbWYVf1,12000,1,,2026-01,2026-04-13T09:51:48.879Z,2026-04-13T09:51:48.803Z,2026-04-13T15:01:12.851Z,pSyeyjvUjJak0ionna9eTTbWYVf1,"ai,analytics,b2b,calendar,data,design","advertising,commission,consulting,partnerships,subscription,transactional",accelerator,"android,desktop,ios,mac,mobile,pc,web","commitment-full-time,employees-10-plus,founder-multi,founders-code-yes,funding-accelerator,platform-android,platform-desktop,platform-ios,platform-mac,platform-mobile,platform-pc,platform-web,revenue-model-advertising,revenue-model-commission,revenue-model-consulting,revenue-model-partnerships,revenue-model-subscription,revenue-model-transactional,vertical-ai,vertical-analytics,vertical-b2b,vertical-calendar,vertical-data,vertical-design",2026-04-13T21:01:34.470Z
suggix,Suggix,A user-driven product planning and management platform.,"Suggix exists to turn scattered feedback into structured product planning and execution, connecting user input directly to roadmap decisions and making priorities transparent.",https://www.indiehackers.com/product/suggix,https://www.suggix.com/?utm_source=indiehackers&utm_medium=referral&utm_campaign=suggix_indiehackers_listing,https://storage.googleapis.com/indie-hackers.appspot.com/product-avatars/suggix/Pn2MfxBoZAW5thXwMaXMuzrFNfI2,0,1,alwuyy,2025-06,2026-04-13T09:42:44.476Z,2026-04-13T09:42:44.267Z,2026-04-13T09:58:03.754Z,Pn2MfxBoZAW5thXwMaXMuzrFNfI2,"saas,task-management","free,subscription",bootstrapped,web,"commitment-full-time,employees-0,founders-code-yes,founders-solo,funding-bootstrapped,platform-web,revenue-model-free,revenue-model-subscription,vertical-saas,vertical-task-management",2026-04-13T21:01:34.470Z
gamesearch-gg,GameSearch.GG,Data-Driven Game Recommendations,"I am a gamer tired of generic 'games like X' results. Steam discovery recommend by genre and hype, Reddit threads are limited. Built a tool that matches games by mechanics, pacing, and what makes them actually click.",https://www.indiehackers.com/product/gamesearch-gg,https://gamesearch.gg,https://storage.googleapis.com/indie-hackers.appspot.com/product-avatars/gamesearch-gg/jQdgefAsDohRCJtJH3oh4ajgszS2,0,1,,2025-04,2026-04-13T09:35:09.452Z,2026-04-13T09:37:48.009Z,2026-04-13T10:18:17.908Z,jQdgefAsDohRCJtJH3oh4ajgszS2,"data,entertainment,games","free,subscription",self,web,"commitment-side-project,employees-0,founders-code-yes,founders-solo,funding-self,platform-web,revenue-model-free,revenue-model-subscription,vertical-data,vertical-entertainment,vertical-games",2026-04-13T21:01:34.470Z
zerothreat-ai,ZeroThreat.ai,Fastest AI-Powered AppSec & Automated Pentesting Platform,"ZeroThreat.ai bridges the gap between reported issues and real risk, reducing false positives from traditional signature-based tools.",https://www.indiehackers.com/product/zerothreat-ai,https://zerothreat.ai/,https://storage.googleapis.com/indie-hackers.appspot.com/product-avatars/zerothreat-ai/D3bK8RXW2XakosGONWOGaV6n5Bx1,0,1,ZeroThreat_ZT,2023-12,2026-04-13T09:30:03.710Z,2026-04-13T09:30:03.688Z,2026-04-13T10:11:41.784Z,D3bK8RXW2XakosGONWOGaV6n5Bx1,"ai,privacy-security,productivity,saas",subscription,self,web,"commitment-full-time,employees-10-plus,founder-multi,founders-code-no,funding-self,platform-web,revenue-model-subscription,vertical-ai,vertical-privacy-security,vertical-productivity,vertical-saas",2026-04-13T21:01:34.470Z
swellslots,SwellSlots,90s Web  Art Style ~ Surf Forecast Grid,"When Do I Surf This Week ?
Most of the Surf Forecast apps, looks like you need to have a meteorology degree to read it, and its endless scrolling and UI Tiptoe'ing to  find out the swells, tides etc.",https://www.indiehackers.com/product/swellslots,https://swellslots.com,https://storage.googleapis.com/indie-hackers.appspot.com/product-avatars/swellslots/1e6T2Gfuu0YMLPeCjXS2v95Wvl22,0,1,,2026-03,2026-04-13T09:29:35.615Z,2026-04-13T09:29:35.426Z,2026-04-13T11:32:12.273Z,1e6T2Gfuu0YMLPeCjXS2v95Wvl22,"design,sports,travel,weather",free,self,web,"commitment-side-project,employees-0,founders-code-yes,founders-solo,funding-self,platform-web,revenue-model-free,vertical-design,vertical-sports,vertical-travel,vertical-weather",2026-04-13T21:01:34.470Z
taskflow-3,TaskFlow,Task management by screenshot & pomodoro timer,"How TaskFlow solves my problem: simply by using the screenshot key combination, I screenshot the Jira ticket, and paste it into TaskFlow, which will generate a task for me. My job is simply to screenshot and paste. ",https://www.indiehackers.com/product/taskflow-3,https://taskflow.pro.vn,https://storage.googleapis.com/indie-hackers.appspot.com/product-avatars/taskflow-3/gkwtyGYYq9N1m6YQmN37id6RG6W2,100,1,,2026-01,2026-04-13T08:37:03.921Z,2026-04-13T08:37:03.526Z,2026-04-13T08:54:43.824Z,gkwtyGYYq9N1m6YQmN37id6RG6W2,"education,energy,productivity,saas",subscription,"bootstrapped,self","android,browser,desktop,ios,mac,mobile,pc,web","commitment-full-time,employees-under-10,founders-code-yes,founders-solo,funding-bootstrapped,funding-self,platform-android,platform-browser,platform-desktop,platform-ios,platform-mac,platform-mobile,platform-pc,platform-web,revenue-model-subscription,vertical-education,vertical-energy,vertical-productivity,vertical-saas",2026-04-13T21:01:34.470Z
leashagain,LeashAgain,Helping rescue dog ownwers with all their needs,comes from my real life story,https://www.indiehackers.com/product/leashagain,https://leashagain.com/,https://storage.googleapis.com/indie-hackers.appspot.com/product-avatars/leashagain/gXF7ByPmbVUBzBIh2Cij6OCxCqR2,0,1,,2025-10,2026-04-13T08:24:18.260Z,2026-04-13T08:24:17.788Z,2026-04-13T08:27:57.577Z,gXF7ByPmbVUBzBIh2Cij6OCxCqR2,"ai,education",transactional,bootstrapped,"android,ios","commitment-full-time,employees-under-10,founder-multi,founders-code-no,funding-bootstrapped,platform-android,platform-ios,revenue-model-transactional,vertical-ai,vertical-education",2026-04-13T21:01:34.470Z
youtube-playlist-summarizer,YouTube Playlist Summarizer,Get the Playlist Content in Seconds!,"I watch many videos on YouTube, and sometimes it takes hours or even days to get through a playlist, so I created this summarizer. ",https://www.indiehackers.com/product/youtube-playlist-summarizer,https://chromewebstore.google.com/detail/youtube-playlist-summariz/kihockjnbnonikclbnkmmpgcndgnhmmg?authuser=0&hl=en,https://storage.googleapis.com/indie-hackers.appspot.com/product-avatars/youtube-playlist-summarizer/SAnPevg2R3bMKiWEW5buy4GsWaJ2,0,1,,2026-04,2026-04-13T08:00:28.951Z,2026-04-13T08:00:27.881Z,2026-04-13T08:06:19.061Z,SAnPevg2R3bMKiWEW5buy4GsWaJ2,"ai,apis,content,e-commerce,education,podcasting,productivity,saas,social-media,utilities",subscription,self,web,"commitment-side-project,employees-0,founders-code-yes,founders-solo,funding-self,platform-web,revenue-model-subscription,vertical-ai,vertical-apis,vertical-content,vertical-e-commerce,vertical-education,vertical-podcasting,vertical-productivity,vertical-saas,vertical-social-media,vertical-utilities",2026-04-13T21:01:34.470Z
recurcrypto,RecurCrypto,Add crypto subscriptions to your product in 10 minutes.,"Most online businesses depend on payment systems they don’t control.

Payments fail. Funds get blocked. Users can’t pay depending on where they are.

We’re building Recurcrypto to give back control — enabling global",https://www.indiehackers.com/product/recurcrypto,http://recurcrypto.com,https://storage.googleapis.com/indie-hackers.appspot.com/product-avatars/recurcrypto/ezFHJvPd6pUEFWuekDi0ad01cMd2,900,1,recurcrypto,2026-01,2026-04-13T07:24:47.230Z,2026-04-13T07:24:47.102Z,2026-04-13T07:32:22.257Z,ezFHJvPd6pUEFWuekDi0ad01cMd2,"cryptocurrency,payments",commission,self,"android,browser,desktop,mac,mobile,pc,web","commitment-full-time,employees-under-10,founder-multi,founders-code-yes,funding-self,platform-android,platform-browser,platform-desktop,platform-mac,platform-mobile,platform-pc,platform-web,revenue-model-commission,vertical-cryptocurrency,vertical-payments",2026-04-13T21:01:34.471Z
revenue-multiplication-engine,Revenue Multiplication Engine,14-Day System to Recover Lost Revenue & 2–5x Your Existing T,"Most founders don’t have a traffic problem — they’re leaking revenue.
I fix your funnel’s conversion and monetization leaks in 14 days — turning existing traffic into 2x–5x more revenue.",https://www.indiehackers.com/product/revenue-multiplication-engine,https://docs.google.com/document/d/1J6FlYgfIJ4BYXYMJdHwOVuZ7jMgKYSfJvc5NMivy2Fw/edit?usp=drivesdk,https://storage.googleapis.com/indie-hackers.appspot.com/product-avatars/revenue-multiplication-engine/kuJpKkm1NAZuEjQk98HMNiGkEXK2,15000,1,,2020-01,2026-04-13T07:19:01.597Z,2026-04-13T07:17:47.237Z,2026-04-13T10:52:39.197Z,kuJpKkm1NAZuEjQk98HMNiGkEXK2,"advertising,agriculture,ai,analytics,apis,art,b2b,b2c,biotechnology,books,bots,calendar,clothing,communication,community,content,cro,cryptocurrency,data,design,e-commerce,education,email-marketing,energy,entertainment,events,fashion,finance,food-drinks,games,government,growth,hardware,health-fitness,home-automation,investing,jobs-hiring,kids,legal,mailing-lists,marketing,marketplaces,medical,military,movies-video,music-audio,navigation-mapping,news-magazines,open-source,outdoors,payments,photography,podcasting,politics,privacy-security,productivity,professional-services,programming,real-estate,saas,sales,science-engineering,shopping,social-media,sports,task-management,transportation,travel,utilities,wearables,weather,web3,wordpress,writing","consulting,transactional","bootstrapped,crowd","android,browser,desktop,ios,mac,mobile,pc,web","commitment-full-time,employees-0,founders-code-yes,founders-solo,funding-bootstrapped,funding-crowd,platform-android,platform-browser,platform-desktop,platform-ios,platform-mac,platform-mobile,platform-pc,platform-web,revenue-model-consulting,revenue-model-transactional,vertical-advertising,vertical-agriculture,vertical-ai,vertical-analytics,vertical-apis,vertical-art,vertical-b2b,vertical-b2c,vertical-biotechnology,vertical-books,vertical-bots,vertical-calendar,vertical-clothing,vertical-communication,vertical-community,vertical-content,vertical-cro,vertical-cryptocurrency,vertical-data,vertical-design,vertical-e-commerce,vertical-education,vertical-email-marketing,vertical-energy,vertical-entertainment,vertical-events,vertical-fashion,vertical-finance,vertical-food-drinks,vertical-games,vertical-government,vertical-growth,vertical-hardware,vertical-health-fitness,vertical-home-automation,vertical-investing,vertical-jobs-hiring,vertical-kids,vertical-legal,vertical-mailing-lists,vertical-marketing,vertical-marketplaces,vertical-medical,vertical-military,vertical-movies-video,vertical-music-audio,vertical-navigation-mapping,vertical-news-magazines,vertical-open-source,vertical-outdoors,vertical-payments,vertical-photography,vertical-podcasting,vertical-politics,vertical-privacy-security,vertical-productivity,vertical-professional-services,vertical-programming,vertical-real-estate,vertical-saas,vertical-sales,vertical-science-engineering,vertical-shopping,vertical-social-media,vertical-sports,vertical-task-management,vertical-transportation,vertical-travel,vertical-utilities,vertical-wearables,vertical-weather,vertical-web3,vertical-wordpress,vertical-writing",2026-04-13T21:01:34.471Z
nstop,nstop,"Know when to leave, not when trains depart","No Dutch transit app tells you when to leave — they only show when trains depart. We're two expat commuters building the one we wish existed: it knows your calendar, your location, and just says when to go.",https://www.indiehackers.com/product/nstop,https://nstop.app,https://storage.googleapis.com/indie-hackers.appspot.com/product-avatars/nstop/9SgZRWLsFAhJ2Gzac2zI2V4T0om2,0,1,nstopapp,2026-01,2026-04-13T07:11:19.418Z,2026-04-13T07:11:19.356Z,2026-04-13T07:22:46.604Z,9SgZRWLsFAhJ2Gzac2zI2V4T0om2,"ai,b2c,data,navigation-mapping,transportation,travel,utilities","subscription,transactional",bootstrapped,"ios,web","commitment-side-project,employees-0,founder-multi,founders-code-yes,funding-bootstrapped,platform-ios,platform-web,revenue-model-subscription,revenue-model-transactional,vertical-ai,vertical-b2c,vertical-data,vertical-navigation-mapping,vertical-transportation,vertical-travel,vertical-utilities",2026-04-13T21:01:34.471Z
lead-pulse,Lead Pulse,Local B2B lead gen + reviewed outbound,I built Lead Pulse because I was tired of stitching together 5 tools just to run basic local B2B outbound for my own products as a surgeon-turned-founder.,https://www.indiehackers.com/product/lead-pulse,https://leadpulse.medicortex.de,https://storage.googleapis.com/indie-hackers.appspot.com/product-avatars/lead-pulse/YVpdCoD2oed688ESjVqk4QagVM72,342,1,medico,2026-04,2026-04-13T07:04:45.553Z,2026-04-13T07:04:45.479Z,2026-04-13T07:15:41.423Z,YVpdCoD2oed688ESjVqk4QagVM72,"email-marketing,marketing,productivity,sales",subscription,bootstrapped,web,"commitment-side-project,employees-0,founders-code-yes,founders-solo,funding-bootstrapped,platform-web,revenue-model-subscription,vertical-email-marketing,vertical-marketing,vertical-productivity,vertical-sales",2026-04-13T21:01:34.471Z
murmur,Murmur,Voice-First AI Journaling & Reflection Tool,"I built Murmur because I struggle to write my thoughts, but speaking comes naturally to me. It exists to turn raw voice into clear, reflective insights—without forcing people into traditional journaling.",https://www.indiehackers.com/product/murmur,https://murmur.heyadithya.me,https://storage.googleapis.com/indie-hackers.appspot.com/product-avatars/murmur/SXQWERgXK4bct17q5suWeMd9D742,0,1,,2026-03,2026-04-13T06:47:32.789Z,2026-04-13T06:47:32.644Z,2026-04-13T07:05:02.338Z,SXQWERgXK4bct17q5suWeMd9D742,"ai,analytics,apis,open-source,writing",free,self,"desktop,mobile,pc,web","commitment-side-project,employees-0,founders-code-yes,founders-solo,funding-self,platform-desktop,platform-mobile,platform-pc,platform-web,revenue-model-free,vertical-ai,vertical-analytics,vertical-apis,vertical-open-source,vertical-writing",2026-04-13T21:01:34.471Z
stussy-denmark,Stussy Denmark,Premium Streetwear & Authentic Stussy Clothing in Denmark,Buy authentic Stussy in Denmark. Explore the latest Stussy EU hoodies and t-shirts with fast delivery and premium streetwear style.,https://www.indiehackers.com/product/stussy-denmark,https://stussyshopdk.com/,https://storage.googleapis.com/indie-hackers.appspot.com/product-avatars/stussy-denmark/sCaD280wHqNFAtwRSBAnoYC9tr93,100,1,Premium Streetwear &,2016-02,2026-04-13T06:25:09.173Z,2026-04-13T06:25:06.742Z,2026-04-13T06:32:15.623Z,sCaD280wHqNFAtwRSBAnoYC9tr93,"clothing,fashion,sales",advertising,self,"android,desktop,pc","commitment-full-time,employees-10-plus,founders-code-yes,founders-solo,funding-self,platform-android,platform-desktop,platform-pc,revenue-model-advertising,vertical-clothing,vertical-fashion,vertical-sales",2026-04-13T21:01:34.471Z
bubble-nexus-free-crypto-chart-analysis,Bubble Nexus- Free Crypto Chart Analysis ,I built a  real-time crypto bubble chart tool (BubbleNexus) ,"I’m working on BubbleNexus because most crypto tools today are either too complex, too expensive, but its a free crypto chart analysis tool for users. 
https://www.bubblenexus.com/",https://www.indiehackers.com/product/bubble-nexus-free-crypto-chart-analysis,https://www.bubblenexus.com/,https://storage.googleapis.com/indie-hackers.appspot.com/product-avatars/bubble-nexus-free-crypto-chart-analysis/gIMElVDNBlVIFnsG7U6tXxQkqyp2,0,1,,2025-03,2026-04-13T06:19:10.904Z,2026-04-13T06:19:10.690Z,2026-04-13T06:54:06.890Z,gIMElVDNBlVIFnsG7U6tXxQkqyp2,"advertising,analytics,cryptocurrency,data,finance,marketing,web3","advertising,commission,partnerships,subscription,transactional",self,"android,desktop,mobile,pc,web","commitment-full-time,employees-0,founders-code-yes,founders-solo,funding-self,platform-android,platform-desktop,platform-mobile,platform-pc,platform-web,revenue-model-advertising,revenue-model-commission,revenue-model-partnerships,revenue-model-subscription,revenue-model-transactional,vertical-advertising,vertical-analytics,vertical-cryptocurrency,vertical-data,vertical-finance,vertical-marketing,vertical-web3",2026-04-13T21:01:34.471Z
aiagent2,AIagent2,"Publish, verify, and order AI agents like software services.","I want to make AI agents accessible to everyone.

Today, many powerful AI agents are still hidden inside individual apps, private repositories, demos, or one-off workflows. Even when someone builds a great agent, it is o",https://www.indiehackers.com/product/aiagent2,https://aiagent2.net,https://storage.googleapis.com/indie-hackers.appspot.com/product-avatars/aiagent2/Lvc2p7mYzDT8WoLbT0qSP72rr7t2,0,1,,2026-04,2026-04-13T06:07:01.841Z,2026-04-13T06:07:00.737Z,2026-04-13T06:12:02.361Z,Lvc2p7mYzDT8WoLbT0qSP72rr7t2,"ai,apis,saas",commission,self,web,"commitment-side-project,employees-0,founders-code-no,founders-solo,funding-self,platform-web,revenue-model-commission,vertical-ai,vertical-apis,vertical-saas,stripe-verified-revenue",2026-04-13T21:01:34.471Z
freedynamicqrcode,FreeDynamicQRCode,Create free dynamic QR codes with custom colors & logos.,"Most QR code tools charge for dynamic codes or bait you with a free tier that paywalls your codes after you've printed thousands of flyers. I wanted to build something that actually stays free. 3 dynamic codes, no catch.",https://www.indiehackers.com/product/freedynamicqrcode,https://www.freedynamicqrcode.com/,https://storage.googleapis.com/indie-hackers.appspot.com/product-avatars/freedynamicqrcode/jWsgcJMGmOe8wMENYjRQ2drJiOq2,100,1,,2026-01,2026-04-13T06:01:21.290Z,2026-04-13T06:01:21.122Z,2026-04-13T06:05:55.736Z,jWsgcJMGmOe8wMENYjRQ2drJiOq2,"productivity,saas",subscription,bootstrapped,"android,desktop,ios,mac,mobile,pc,web","commitment-side-project,employees-under-10,founder-multi,founders-code-yes,funding-bootstrapped,platform-android,platform-desktop,platform-ios,platform-mac,platform-mobile,platform-pc,platform-web,revenue-model-subscription,vertical-productivity,vertical-saas",2026-04-13T21:01:34.471Z
devbrows,DevBrows,CyberSecurity for Startups & SMEs,"DevBrows exists to help growing companies handle security before it slows deals, audits, launches, or AI adoption. It gives teams practical support to reduce risk and meet expectations.",https://www.indiehackers.com/product/devbrows,https://www.devbrows.com/,https://storage.googleapis.com/indie-hackers.appspot.com/product-avatars/devbrows/KxuhHD0J6kgpIns4dSEYsvD08iP2,0,1,DevBrows,2026-01,2026-04-13T05:47:07.821Z,2026-04-13T05:47:07.581Z,2026-04-13T05:53:44.998Z,KxuhHD0J6kgpIns4dSEYsvD08iP2,"ai,apis,b2b,data,growth,programming,saas,science-engineering","consulting,partnerships,subscription,transactional",bootstrapped,,"commitment-full-time,employees-under-10,founder-multi,founders-code-yes,funding-bootstrapped,revenue-model-consulting,revenue-model-partnerships,revenue-model-subscription,revenue-model-transactional,vertical-ai,vertical-apis,vertical-b2b,vertical-data,vertical-growth,vertical-programming,vertical-saas,vertical-science-engineering",2026-04-13T21:01:34.471Z
stayupdatedwithai,StayUpdatedWithAI,Built an AI voice tutor that lets you learn your way,"Hey Indie Hackers 👋,
Most people learn best when they can ask questions and get immediate feedback, but 1:1 tutoring is expensive and hard to access. I want to make that experience available to anyone with an internet.",https://www.indiehackers.com/product/stayupdatedwithai,https://www.stayupdatedwith.ai,https://storage.googleapis.com/indie-hackers.appspot.com/product-avatars/stayupdatedwithai/obseRQn2kYgAdrgOgbuCSKe7fYJ2,0,1,,2026-03,2026-04-13T05:23:14.634Z,2026-04-13T05:23:14.323Z,2026-04-13T08:19:06.135Z,obseRQn2kYgAdrgOgbuCSKe7fYJ2,"ai,education",subscription,self,"mobile,web","commitment-full-time,employees-under-10,founder-multi,founders-code-yes,funding-self,platform-mobile,platform-web,revenue-model-subscription,vertical-ai,vertical-education",2026-04-13T21:01:34.471Z
tailorcv,TailorCV,"Free AI CV tailor - no hallucinating, no invented skills.",I built it during internship season after ChatGPT kept hallucinating experiences I didn't have. The whole job search process was also fragmented across five different tools with no way to see the full picture. ,https://www.indiehackers.com/product/tailorcv,https://tailor-cv.net/,https://storage.googleapis.com/indie-hackers.appspot.com/product-avatars/tailorcv/SHv9vkGmx4YPml3TiADvEzvkJt13,0,1,,2026-02,2026-04-13T04:51:17.670Z,2026-04-13T04:51:17.531Z,2026-04-13T05:03:56.762Z,SHv9vkGmx4YPml3TiADvEzvkJt13,"ai,b2c,education,jobs-hiring,productivity,saas,writing",free,"bootstrapped,self","browser,web","commitment-side-project,employees-0,founders-code-no,founders-solo,funding-bootstrapped,funding-self,platform-browser,platform-web,revenue-model-free,vertical-ai,vertical-b2c,vertical-education,vertical-jobs-hiring,vertical-productivity,vertical-saas,vertical-writing",2026-04-13T21:01:34.471Z
captchas-io,CAPTCHAs.IO,Automated CAPTCHA Solving and Bypass API Web Service,I founded it in 2019 and made it grow of what it is now.,https://www.indiehackers.com/product/captchas-io,https://captchas.io,https://storage.googleapis.com/indie-hackers.appspot.com/product-avatars/captchas-io/GVugMdJF1YUr9ggMpLSQElB5ati1,10000,1,,2019-06,2026-04-13T03:31:51.213Z,2026-04-13T03:31:49.839Z,2026-04-13T03:36:37.111Z,GVugMdJF1YUr9ggMpLSQElB5ati1,"ai,programming",subscription,self,"browser,web","commitment-full-time,employees-0,founders-code-yes,founders-solo,funding-self,platform-browser,platform-web,revenue-model-subscription,vertical-ai,vertical-programming",2026-04-13T21:01:34.471Z
sharepdf,SharePDF,"An app to host PDFs, share them as URLs, track analytics.",Sharing PDFs via cloud storage URLs is not very user-friendly so I created an easier and better way to share PDFs.,https://www.indiehackers.com/product/sharepdf,https://sharepdf.app,https://storage.googleapis.com/indie-hackers.appspot.com/product-avatars/sharepdf/xL6SbRqJGZUPOGel7YEwQYjFpjz2,0,1,SharePDFapp,2025-11,2026-04-13T02:52:41.357Z,2026-04-13T02:52:41.150Z,2026-04-13T03:00:03.450Z,"wFbyhl0mIOUqCK2zZXYZM6SaxEu1,xL6SbRqJGZUPOGel7YEwQYjFpjz2","saas,utilities",subscription,bootstrapped,,"commitment-full-time,employees-0,founder-multi,founders-code-yes,funding-bootstrapped,revenue-model-subscription,vertical-saas,vertical-utilities",2026-04-13T21:01:34.471Z
eternalqr,EternalQR,QR codes that never expire,"A friend printed a QR code on a poster for his shop. One day it just stopped working – the service behind it had killed the link. The poster was useless.

QR codes get printed on physical things. They should keep working",https://www.indiehackers.com/product/eternalqr,https://eternalqr.app,https://storage.googleapis.com/indie-hackers.appspot.com/product-avatars/eternalqr/xL6SbRqJGZUPOGel7YEwQYjFpjz2,0,1,,2026-04,2026-04-13T02:25:37.463Z,2026-04-13T02:25:37.271Z,2026-04-13T02:39:15.407Z,"wFbyhl0mIOUqCK2zZXYZM6SaxEu1,xL6SbRqJGZUPOGel7YEwQYjFpjz2","marketing,saas,utilities",subscription,bootstrapped,web,"commitment-side-project,employees-0,founder-multi,founders-code-yes,funding-bootstrapped,platform-web,revenue-model-subscription,vertical-marketing,vertical-saas,vertical-utilities",2026-04-13T21:01:34.471Z
vibelint,Vibelint,The security layer your AI coding agent is missing,"I got tired of reviewing AI-generated code and finding the same vulnerabilities every time hardcoded secrets, missing auth, SQL injection. . So I built VibeLint to sit between the AI and my files  ",https://www.indiehackers.com/product/vibelint,https://vibelint.dev/,https://storage.googleapis.com/indie-hackers.appspot.com/product-avatars/vibelint/0XPsmMA5LAazJRKGpdqHHWqeh1b2,20,1,VibeLint,2025-12,2026-04-13T02:16:20.516Z,2026-04-13T02:16:29.703Z,2026-04-13T02:41:10.764Z,0XPsmMA5LAazJRKGpdqHHWqeh1b2,"ai,b2b,open-source,saas",subscription,bootstrapped,"android,desktop,mac,pc","commitment-full-time,employees-0,founders-code-yes,founders-solo,funding-bootstrapped,platform-android,platform-desktop,platform-mac,platform-pc,revenue-model-subscription,vertical-ai,vertical-b2b,vertical-open-source,vertical-saas",2026-04-13T21:01:34.471Z
kashifdata,KashifData,"AI Data Analysis, Data Science, Artificial Intelligence","I saw too many great marketing ideas die because the founders couldn't read their own data fast enough. I wanted to build the 'Swiss Army Knife' of data .. something fast, cheap, and actually insightful.",https://www.indiehackers.com/product/kashifdata,https://kashifdata.online/,https://storage.googleapis.com/indie-hackers.appspot.com/product-avatars/kashifdata/QxLzhVdgMZhvm5VaGJt5b983fkB2,0,1,sidimed31,2026-04,2026-04-13T02:11:44.646Z,2026-04-13T02:11:35.047Z,2026-04-13T02:32:25.961Z,QxLzhVdgMZhvm5VaGJt5b983fkB2,"ai,analytics,apis,communication,data,finance,growth,jobs-hiring,legal,marketing,payments,privacy-security,saas,sales",subscription,self,"android,desktop,ios,mac,mobile,pc,web","commitment-full-time,employees-10-plus,founder-multi,founders-code-yes,funding-self,platform-android,platform-desktop,platform-ios,platform-mac,platform-mobile,platform-pc,platform-web,revenue-model-subscription,vertical-ai,vertical-analytics,vertical-apis,vertical-communication,vertical-data,vertical-finance,vertical-growth,vertical-jobs-hiring,vertical-legal,vertical-marketing,vertical-payments,vertical-privacy-security,vertical-saas,vertical-sales",2026-04-13T21:01:34.471Z
nogginlogger,NogginLogger,Just say it. NogginLogger turns voice notes into real data.,"I built NogginLogger because every calorie tracker I tried died the same death. The friction wasn't the math, it was the need for quick, easy input and then visibility anytime.",https://www.indiehackers.com/product/nogginlogger,https://www.nogginlogger.com,https://storage.googleapis.com/indie-hackers.appspot.com/product-avatars/nogginlogger/Ei0el6TAiRMvkSPC3dLpOaNWTR32,0,1,,2026-02,2026-04-13T01:36:28.546Z,2026-04-13T01:36:28.476Z,2026-04-13T01:54:47.125Z,Ei0el6TAiRMvkSPC3dLpOaNWTR32,"ai,health-fitness,utilities",subscription,bootstrapped,"android,desktop,ios,mobile,pc,web","commitment-side-project,employees-under-10,founders-code-yes,founders-solo,funding-bootstrapped,platform-android,platform-desktop,platform-ios,platform-mobile,platform-pc,platform-web,revenue-model-subscription,vertical-ai,vertical-health-fitness,vertical-utilities",2026-04-13T21:01:34.471Z
procrasticoder,Procrasticoder,A marketplace for abandoned side projects,"Most side projects never ship. The code just sits in a repo going nowhere , but it still has real value. Architecture decisions, boilerplate, research, partial features. Someone out there would actually want to finish it",https://www.indiehackers.com/product/procrasticoder,https://procrasticoder.com,https://storage.googleapis.com/indie-hackers.appspot.com/product-avatars/procrasticoder/psvytWaYnqfhP7aPbA7taMelbo83,18,1,,2026-01,2026-04-13T01:30:58.767Z,2026-04-13T01:30:58.674Z,2026-04-13T01:34:54.783Z,psvytWaYnqfhP7aPbA7taMelbo83,"e-commerce,marketplaces,programming",transactional,self,web,"commitment-side-project,employees-under-10,founders-code-yes,founders-solo,funding-self,platform-web,revenue-model-transactional,vertical-e-commerce,vertical-marketplaces,vertical-programming,stripe-verified-revenue",2026-04-13T21:01:34.471Z
bmcks-apps,BMcks Apps,Solo dev building apps that make everyday life better,"It's an innovative software and AI technology company that I focused on enhancing human potential through seamless, intelligent digital experiences. ",https://www.indiehackers.com/product/bmcks-apps,https://bmcksapps.com,https://storage.googleapis.com/indie-hackers.appspot.com/product-avatars/bmcks-apps/LIxrKSmB4dg0JdRflBGSrIiBpks1,0,1,,2025-05,2026-04-12T21:46:16.321Z,2026-04-12T21:46:15.862Z,2026-04-12T21:59:45.103Z,LIxrKSmB4dg0JdRflBGSrIiBpks1,"ai,finance,food-drinks,growth,health-fitness,movies-video,photography,saas,sales,science-engineering","free,subscription,transactional","bootstrapped,donations,self","android,desktop,ios,mac,mobile,pc,web","commitment-full-time,employees-0,founders-code-yes,founders-solo,funding-bootstrapped,funding-donations,funding-self,platform-android,platform-desktop,platform-ios,platform-mac,platform-mobile,platform-pc,platform-web,revenue-model-free,revenue-model-subscription,revenue-model-transactional,vertical-ai,vertical-finance,vertical-food-drinks,vertical-growth,vertical-health-fitness,vertical-movies-video,vertical-photography,vertical-saas,vertical-sales,vertical-science-engineering",2026-04-13T21:01:34.471Z
focus-today,Focus Today,"Brain dump everything, AI organizes your day",I was frustrated with todo apps that make you do all the organizing yourself. Focus Today lets you brain dump everything — AI automatically sorts tasks by priority and tracks your time. Built it solo in 2 days.,https://www.indiehackers.com/product/focus-today,https://joinfocustoday.com,https://storage.googleapis.com/indie-hackers.appspot.com/product-avatars/focus-today/RqDKqHGhH6Wwy5aSlgAWDgXcd9w2,0,1,,2026-04,2026-04-12T21:36:40.547Z,2026-04-12T21:36:40.470Z,2026-04-12T21:48:11.593Z,RqDKqHGhH6Wwy5aSlgAWDgXcd9w2,"ai,productivity,task-management",free,self,web,"commitment-side-project,employees-0,founders-code-no,founders-solo,funding-self,platform-web,revenue-model-free,vertical-ai,vertical-productivity,vertical-task-management",2026-04-13T21:01:34.471Z
jobpilotx,JobPilotX,AI job copilot that doesn't just find jobs — it applies for,I spent five years as a US IT recruiter before I wrote a single line of production code.I saw the other side of the job search. The ATS that rejects 90% of resumes before a human ever reads them. The candidates who spent,https://www.indiehackers.com/product/jobpilotx,https://www.jobpilotx.com/,https://storage.googleapis.com/indie-hackers.appspot.com/product-avatars/jobpilotx/TnMf0fdx9VW994eOZ9WQcTZ7uIv1,0,1,,2025-03,2026-04-12T19:51:49.476Z,2026-04-12T19:51:50.029Z,2026-04-12T19:58:39.004Z,TnMf0fdx9VW994eOZ9WQcTZ7uIv1,"ai,apis,communication,community,education,jobs-hiring,marketplaces,privacy-security,productivity,professional-services,programming,saas,task-management,utilities,writing",subscription,self,"desktop,web","commitment-full-time,employees-0,founders-code-yes,founders-solo,funding-self,platform-desktop,platform-web,revenue-model-subscription,vertical-ai,vertical-apis,vertical-communication,vertical-community,vertical-education,vertical-jobs-hiring,vertical-marketplaces,vertical-privacy-security,vertical-productivity,vertical-professional-services,vertical-programming,vertical-saas,vertical-task-management,vertical-utilities,vertical-writing,stripe-verified-revenue",2026-04-13T21:01:34.471Z
studyloby,StudyLoby,Virtual study rooms for students worldwide,"I’m building StudyLoby because remote study still breaks in the same predictable way: people want to focus with others, but the “stack” is a mess—random video links, scattered chats, and no simple place to find a room.",https://www.indiehackers.com/product/studyloby,https://www.studyloby.com,https://storage.googleapis.com/indie-hackers.appspot.com/product-avatars/studyloby/dYJUzsvDGHXBsMH3n7weCrnrqY73,0,1,,2026-03,2026-04-12T19:11:17.286Z,2026-04-12T19:11:17.109Z,2026-04-13T06:36:47.942Z,dYJUzsvDGHXBsMH3n7weCrnrqY73,"education,entertainment,marketplaces,movies-video,saas,social-media",subscription,self,web,"commitment-full-time,employees-0,founders-code-yes,founders-solo,funding-self,platform-web,revenue-model-subscription,vertical-education,vertical-entertainment,vertical-marketplaces,vertical-movies-video,vertical-saas,vertical-social-media",2026-04-13T21:01:34.471Z
druzy,Druzy,Pinterest content tool for small product-based businesses.,"I make and sell handmade jewelry and kept falling behind on Pinterest for my own shop. Every pin required starting from scratch -- keywords, copy, boards. I built Druzy to handle that part so I could be consistent.",https://www.indiehackers.com/product/druzy,https://druzy.app,https://storage.googleapis.com/indie-hackers.appspot.com/product-avatars/druzy/9iDp5bJnAPTMAAYor74PU9LRgKC2,0,1,,2026-03,2026-04-12T18:46:24.703Z,2026-04-12T18:46:24.655Z,2026-04-12T19:32:31.817Z,9iDp5bJnAPTMAAYor74PU9LRgKC2,"e-commerce,marketing,saas,social-media",subscription,self,web,"commitment-side-project,employees-0,founders-code-yes,founders-solo,funding-self,platform-web,revenue-model-subscription,vertical-e-commerce,vertical-marketing,vertical-saas,vertical-social-media",2026-04-13T21:01:34.471Z
norma,Norma,The nutrition companion that GLP-1 users actually need.,"Lost 27kg on Mounjaro. Tapering hit hard - hunger came back, decisions got harder. Needed something available at 11pm, not a nutritionist booked a week out. Built Norma for myself. It works. Now it's for anyone like me.",https://www.indiehackers.com/product/norma,https://iamnorma.com,https://storage.googleapis.com/indie-hackers.appspot.com/product-avatars/norma/gfEwrZ0v0UVF7o29qDMHqV7MNQe2,0,1,,2026-04,2026-04-12T18:13:49.490Z,2026-04-12T18:13:49.332Z,2026-04-13T08:25:31.735Z,gfEwrZ0v0UVF7o29qDMHqV7MNQe2,health-fitness,subscription,self,web,"commitment-side-project,employees-under-10,founders-code-no,founders-solo,funding-self,platform-web,revenue-model-subscription,vertical-health-fitness",2026-04-13T21:01:34.471Z
shortpurify,ShortPurify,Turn long videos into viral short clips publish instantly,I made a challenge for myself build one project from start to finish and actually launch it. No matter what happens. Even if it is not perfect. Even if nobody uses it. I was going to see something through for once.,https://www.indiehackers.com/product/shortpurify,https://www.shortpurify.com,https://storage.googleapis.com/indie-hackers.appspot.com/product-avatars/shortpurify/NSBjIaETxfVrfmwPgkBiVcgZti02,0,1,,2026-03,2026-04-12T17:30:33.588Z,2026-04-12T17:30:33.393Z,2026-04-12T17:52:47.305Z,NSBjIaETxfVrfmwPgkBiVcgZti02,"ai,b2b,b2c,content,podcasting,productivity,social-media",subscription,bootstrapped,web,"commitment-full-time,employees-0,founders-code-yes,founders-solo,funding-bootstrapped,platform-web,revenue-model-subscription,vertical-ai,vertical-b2b,vertical-b2c,vertical-content,vertical-podcasting,vertical-productivity,vertical-social-media",2026-04-13T21:01:34.471Z
hjarni,Hjarni,Give your AI a memory.,"""I kept re-explaining myself to Claude. Every new conversation, I'd paste in the same context: my stack, my decisions, my thinking. It was exhausting.
I built Hjarni to fix that. A simple knowledge base with a built-in M",https://www.indiehackers.com/product/hjarni,https://hjarni.com,https://storage.googleapis.com/indie-hackers.appspot.com/product-avatars/hjarni/5FsFemU6qgQBU1hus9dR2BGxoFP2,0,1,hjarni_com,2026-03,2026-04-12T16:28:42.089Z,2026-04-12T16:28:41.869Z,2026-04-12T16:39:08.907Z,5FsFemU6qgQBU1hus9dR2BGxoFP2,"ai,apis,productivity,saas,writing",subscription,self,"android,ios,web","commitment-side-project,employees-0,founders-code-yes,founders-solo,funding-self,platform-android,platform-ios,platform-web,revenue-model-subscription,vertical-ai,vertical-apis,vertical-productivity,vertical-saas,vertical-writing",2026-04-13T21:01:34.471Z
lurus-code,Lurus Code,AI coding agent that processes code exclusive within the EU,"European developers kept asking the same question: ""Where does our code actually go when we use AI tools?"" For teams in finance, healthcare, automotive and others, that question is often a compliance dealbreaker. ",https://www.indiehackers.com/product/lurus-code,https://code.lurus.ai,https://storage.googleapis.com/indie-hackers.appspot.com/product-avatars/lurus-code/aUfiOvdVD0QMR0ka6aNPGz9PCSN2,5000,1,LurusCode,2026-04,2026-04-12T16:16:45.697Z,2026-04-12T16:16:45.616Z,2026-04-12T16:22:07.741Z,aUfiOvdVD0QMR0ka6aNPGz9PCSN2,"ai,b2c,privacy-security,saas",subscription,bootstrapped,"desktop,pc","commitment-full-time,employees-under-10,founder-multi,founders-code-yes,funding-bootstrapped,platform-desktop,platform-pc,revenue-model-subscription,vertical-ai,vertical-b2c,vertical-privacy-security,vertical-saas",2026-04-13T21:01:34.471Z
jewelviz-2,Jewelviz,Turn any jewelry photo into a professional showcase with AI,"Indian jewellers spend ₹15,000–₹50,000 on photoshoots. I built JewelViz to solve this — professional AI jewelry photos in 60 seconds.",https://www.indiehackers.com/product/jewelviz-2,https://jewelviz.com/,https://storage.googleapis.com/indie-hackers.appspot.com/product-avatars/jewelviz-2/bQjVUIPXsvUq1HHKzOVFFJdaBu93,0,1,,2026-01,2026-04-12T14:48:00.348Z,2026-04-12T14:48:00.587Z,2026-04-13T08:13:14.665Z,bQjVUIPXsvUq1HHKzOVFFJdaBu93,"ai,e-commerce,marketing,photography",transactional,bootstrapped,web,"commitment-full-time,employees-0,founders-code-no,founders-solo,funding-bootstrapped,platform-web,revenue-model-transactional,vertical-ai,vertical-e-commerce,vertical-marketing,vertical-photography",2026-04-13T21:01:34.471Z
horizon-calendar-highlights,Horizon: Calendar Highlights,"Your Apple Calendar, intelligently organized","I kept wishing Apple Calendar would tell me where my time actually goes instead of just listing events. It never did, so I built it. Horizon adds the intelligence layer Apple left out, all running on device.",https://www.indiehackers.com/product/horizon-calendar-highlights,https://apps.apple.com/us/app/horizon-calendar-highlights/id6761135453,https://storage.googleapis.com/indie-hackers.appspot.com/product-avatars/horizon-calendar-highlights/6hunm2sVRebR4zaCwaxLTgkD1Vh1,0,1,,2026-04,2026-04-12T14:40:39.875Z,2026-04-12T14:40:39.800Z,2026-04-12T14:51:00.642Z,6hunm2sVRebR4zaCwaxLTgkD1Vh1,"ai,productivity,utilities",transactional,self,"ios,mac","commitment-side-project,employees-0,founders-code-yes,founders-solo,funding-self,platform-ios,platform-mac,revenue-model-transactional,vertical-ai,vertical-productivity,vertical-utilities",2026-04-13T21:01:34.471Z
litestats,Litestats,Privacy-focused cookieless alternative to Google Analytics,Built because we were tired of cookie banners and bloated dashboards.,https://www.indiehackers.com/product/litestats,https://litestats.io/?utm_source=indiehackers&utm_medium=display&utm_campaign=soft_launch_indiehackers,https://storage.googleapis.com/indie-hackers.appspot.com/product-avatars/litestats/fT1jprkGMjXcHoqb0WoDBLCHAWm2,0,1,,2026-09,2026-04-12T14:34:11.842Z,2026-04-12T14:34:11.756Z,2026-04-12T14:41:59.819Z,fT1jprkGMjXcHoqb0WoDBLCHAWm2,"analytics,privacy-security,saas,wordpress",subscription,bootstrapped,"android,desktop,ios,mac,mobile,pc,web","commitment-side-project,employees-0,founders-code-yes,founders-solo,funding-bootstrapped,platform-android,platform-desktop,platform-ios,platform-mac,platform-mobile,platform-pc,platform-web,revenue-model-subscription,vertical-analytics,vertical-privacy-security,vertical-saas,vertical-wordpress",2026-04-13T21:01:34.471Z
cortexos,CortexOS,The AI Journal that never leaves your phone,"I think journals should be 100% secure as they carry our most inner thoughts. There was none, so I built one with absolute privacy.",https://www.indiehackers.com/product/cortexos,https://cortexos.app,https://storage.googleapis.com/indie-hackers.appspot.com/product-avatars/cortexos/0bxBgq0X5cXoMU2Pr2TitMJ53V83,0,1,TheCortexOS,2025-10,2026-04-12T14:15:25.546Z,2026-04-12T14:15:25.468Z,2026-04-12T14:45:34.178Z,0bxBgq0X5cXoMU2Pr2TitMJ53V83,"ai,growth,health-fitness,privacy-security,productivity,writing",subscription,bootstrapped,"android,ios","commitment-side-project,employees-0,founders-code-yes,founders-solo,funding-bootstrapped,platform-android,platform-ios,revenue-model-subscription,vertical-ai,vertical-growth,vertical-health-fitness,vertical-privacy-security,vertical-productivity,vertical-writing",2026-04-13T21:01:34.471Z
cineo,Cineo,Smart film companion for finding what to watch next,"We built Cineo because every movie night turned into the same ritual, open Netflix, scroll, open Prime, scroll, give up, rewatch The Office. The existing tools each solved a piece, but nobody tied it all together",https://www.indiehackers.com/product/cineo,https://cineoai.com/,https://storage.googleapis.com/indie-hackers.appspot.com/product-avatars/cineo/vZasb13S1lSAJC22X1DGlU8BgBh1,0,1,cineo_app,2025-05,2026-04-12T14:10:56.522Z,2026-04-12T14:10:56.578Z,2026-04-12T18:01:40.727Z,vZasb13S1lSAJC22X1DGlU8BgBh1,"ai,community,content,entertainment,movies-video",free,self,web,"commitment-side-project,employees-0,founder-multi,founders-code-yes,funding-self,platform-web,revenue-model-free,vertical-ai,vertical-community,vertical-content,vertical-entertainment,vertical-movies-video",2026-04-13T21:01:34.471Z
agentlens,AgentLens,"Verified reviews for AI agents. Discover, compare, and choos","The idea for AgentLens came from a frustration I kept running into personally. Every week there's a new AI agent claiming to automate some critical part of your business — your sales outreach, your customer support, your",https://www.indiehackers.com/product/agentlens,https://theagentlens.com,https://storage.googleapis.com/indie-hackers.appspot.com/product-avatars/agentlens/PGbINwehjbbcGE8GpClGiyhFIAR2,0,1,theagentlens,2026-04,2026-04-12T13:37:14.469Z,2026-04-12T13:37:14.424Z,2026-04-12T13:40:45.109Z,PGbINwehjbbcGE8GpClGiyhFIAR2,"advertising,ai,marketing,news-magazines",free,self,"mobile,web","commitment-side-project,employees-under-10,founders-code-no,founders-solo,funding-self,platform-mobile,platform-web,revenue-model-free,vertical-advertising,vertical-ai,vertical-marketing,vertical-news-magazines",2026-04-13T21:01:34.471Z
gitsurfer-com,GitSurfer.com,Pick your SaaS stack in 2 minutes then craft your prompts.,"Vibe coding is fast — but figuring out what to build with is still a time sink of prompting back and forth with no confidence in the answers. going live and keeping the costs clear in my head was my concern, period.",https://www.indiehackers.com/product/gitsurfer-com,https://www.gitsurfer.com,https://storage.googleapis.com/indie-hackers.appspot.com/product-avatars/gitsurfer-com/5VtQeRUKtDchg1jVGQGjU6INO7X2,12,1,deltaquantum,2026-04,2026-04-12T13:03:17.123Z,2026-04-12T13:03:16.519Z,2026-04-12T13:22:08.401Z,5VtQeRUKtDchg1jVGQGjU6INO7X2,"ai,productivity,programming,saas",subscription,self,"desktop,pc,web","commitment-full-time,employees-0,founders-code-yes,founders-solo,funding-self,platform-desktop,platform-pc,platform-web,revenue-model-subscription,vertical-ai,vertical-productivity,vertical-programming,vertical-saas",2026-04-13T21:01:34.471Z
scribe-speech-to-text,Scribe: Speech-to-text,High accuracy speech-to-text app,A lot of speech-to-text apps have limited accuracy. Scribe uses state-of-the-art speech models for the highest accuracy.,https://www.indiehackers.com/product/scribe-speech-to-text,https://goscribe.co,https://storage.googleapis.com/indie-hackers.appspot.com/product-avatars/scribe-speech-to-text/0n75RQr725fuhRxSimYSrEWjkqF2,437,1,,2022-03,2026-04-12T11:18:41.502Z,2026-04-12T11:18:41.431Z,2026-04-12T11:26:00.087Z,0n75RQr725fuhRxSimYSrEWjkqF2,"ai,productivity",subscription,self,android,"commitment-side-project,employees-0,founders-code-yes,founders-solo,funding-self,platform-android,revenue-model-subscription,vertical-ai,vertical-productivity",2026-04-13T21:01:34.471Z
my-magic-pencil-ai-teacher,My Magic Pencil-AI Teacher,AI Teacher that draws and speaks logic in 88+ languages,"We are solving the ""AI Copy-Paste"" crisis and rote memorization (ratafication) caused by text-heavy AI tutors. We address the 40% increase in learning fatigue and the lack of education in low-bandwidth regions.",https://www.indiehackers.com/product/my-magic-pencil-ai-teacher,https://mymagicpencil.com/,https://storage.googleapis.com/indie-hackers.appspot.com/product-avatars/my-magic-pencil-ai-teacher/t6Ss1SNATJeexRwAtKd46BIw2pv1,0,1,mymagicpencil,2025-10,2026-04-12T10:27:06.645Z,2026-04-12T10:27:06.606Z,2026-04-12T10:35:23.724Z,t6Ss1SNATJeexRwAtKd46BIw2pv1,"ai,b2b,b2c,bots,content,education,kids,movies-video,music-audio,saas,science-engineering,web3",subscription,bootstrapped,"mobile,pc,web","commitment-full-time,employees-under-10,founder-multi,founders-code-yes,funding-bootstrapped,platform-mobile,platform-pc,platform-web,revenue-model-subscription,vertical-ai,vertical-b2b,vertical-b2c,vertical-bots,vertical-content,vertical-education,vertical-kids,vertical-movies-video,vertical-music-audio,vertical-saas,vertical-science-engineering,vertical-web3",2026-04-13T21:01:34.471Z
myexamtrack,MyExamTrack,AI based Response Sheet to Scorecard Generator for Exams,"Success in competitive exams isn’t about being the smartest—it’s about being consistent when others give up. Every mock test you attempt, every mistake you analyze, and every small improvement you make is silently buildi",https://www.indiehackers.com/product/myexamtrack,https://myexamtrack.com,https://storage.googleapis.com/indie-hackers.appspot.com/product-avatars/myexamtrack/aFQjz0G519hYFvVmERX60GOkxYy2,50,1,,2025-04,2026-04-12T09:54:06.276Z,2026-04-12T09:54:06.089Z,2026-04-12T09:57:46.460Z,aFQjz0G519hYFvVmERX60GOkxYy2,"advertising,ai,data,education,utilities","advertising,free,subscription,transactional",bootstrapped,"browser,mobile,web","commitment-side-project,employees-under-10,founders-code-yes,founders-solo,funding-bootstrapped,platform-browser,platform-mobile,platform-web,revenue-model-advertising,revenue-model-free,revenue-model-subscription,revenue-model-transactional,vertical-advertising,vertical-ai,vertical-data,vertical-education,vertical-utilities",2026-04-13T21:01:34.471Z
mediakit-bio,mediakit.bio,Automatically create a professional media kit ,"Creators are increasingly expected to pitch themselves like businesses, but building and maintaining a media kit is still manual, outdated, and time-consuming. mediakit.bio exists to automate that process—turning social ",https://www.indiehackers.com/product/mediakit-bio,https://mediakit.bio,https://storage.googleapis.com/indie-hackers.appspot.com/product-avatars/mediakit-bio/uCGtF5KrLsMKWgqRHnJ5Ha6RPDD2,0,1,mediakit_bio,2026-04,2026-04-12T09:08:03.948Z,2026-04-12T09:08:03.702Z,2026-04-12T09:12:40.800Z,uCGtF5KrLsMKWgqRHnJ5Ha6RPDD2,"ai,analytics,b2b,b2c,content,saas,social-media","free,subscription",bootstrapped,"desktop,mobile,pc,web","commitment-full-time,employees-under-10,founder-multi,founders-code-yes,funding-bootstrapped,platform-desktop,platform-mobile,platform-pc,platform-web,revenue-model-free,revenue-model-subscription,vertical-ai,vertical-analytics,vertical-b2b,vertical-b2c,vertical-content,vertical-saas,vertical-social-media",2026-04-13T21:01:34.471Z
niche-calculators,Niche Calculators,Niche calculators for the problems others overlook.,"Why Niche Calculators exists:

It exists because of a gap in the market. The internet is full of generic tools, but they often don't fit the specific problem someone is trying to solve. People were forced to use giant, c",https://www.indiehackers.com/product/niche-calculators,https://nichecalculators.blogspot.com/,https://storage.googleapis.com/indie-hackers.appspot.com/product-avatars/niche-calculators/eT8KCUzV67Q8Ib77JQ8PaVRz5mS2,0,1,,2025-12,2026-04-12T08:47:37.572Z,2026-04-12T08:47:37.434Z,2026-04-12T08:58:33.413Z,eT8KCUzV67Q8Ib77JQ8PaVRz5mS2,"productivity,programming,utilities",free,self,web,"commitment-side-project,employees-0,founders-code-yes,founders-solo,funding-self,platform-web,revenue-model-free,vertical-productivity,vertical-programming,vertical-utilities",2026-04-13T21:01:34.471Z
postify-2,Postify,AI LinkedIn Growth,"Postify exists to make LinkedIn growth simple and accessible using AI.
It removes guesswork and helps you build a strong personal brand faster. 🚀",https://www.indiehackers.com/product/postify-2,https://play.google.com/store/apps/details?id=com.postify.app.free&hl=en,https://storage.googleapis.com/indie-hackers.appspot.com/product-avatars/postify-2/r1WOq1cnmyeUrmzz6sMTd6DGip93,0,1,,2025-08,2026-04-12T07:40:48.166Z,2026-04-12T07:40:48.042Z,2026-04-12T08:14:19.491Z,r1WOq1cnmyeUrmzz6sMTd6DGip93,"advertising,ai,analytics,apis,b2b,b2c,calendar,data,e-commerce,education,growth,home-automation,investing,jobs-hiring,mailing-lists,marketing,open-source,payments,privacy-security,productivity,saas,sales,science-engineering,utilities,writing",subscription,self,android,"commitment-full-time,employees-0,founders-code-yes,founders-solo,funding-self,platform-android,revenue-model-subscription,vertical-advertising,vertical-ai,vertical-analytics,vertical-apis,vertical-b2b,vertical-b2c,vertical-calendar,vertical-data,vertical-e-commerce,vertical-education,vertical-growth,vertical-home-automation,vertical-investing,vertical-jobs-hiring,vertical-mailing-lists,vertical-marketing,vertical-open-source,vertical-payments,vertical-privacy-security,vertical-productivity,vertical-saas,vertical-sales,vertical-science-engineering,vertical-utilities,vertical-writing",2026-04-13T21:01:34.471Z
nimbusbrain,NimbusBrain,The AI workspace that remembers.,"I wanted to make a project manager app with AI that can help me with the development process. It can help me create projects, tasks, notes, and other things. ",https://www.indiehackers.com/product/nimbusbrain,https://nimbusbrain.app/,https://storage.googleapis.com/indie-hackers.appspot.com/product-avatars/nimbusbrain/LfYtVMhWeoV4J0P2t6Ny7auJKym1,0,1,,2026-02,2026-04-12T07:40:24.563Z,2026-04-12T07:40:24.205Z,2026-04-12T07:49:55.936Z,LfYtVMhWeoV4J0P2t6Ny7auJKym1,"ai,productivity,saas,task-management",subscription,self,"pc,web","commitment-side-project,employees-under-10,founders-code-yes,founders-solo,funding-self,platform-pc,platform-web,revenue-model-subscription,vertical-ai,vertical-productivity,vertical-saas,vertical-task-management",2026-04-13T21:01:34.471Z
calcuniverse,CalcUniverse,Every calculation in one place,I made this because I thought it would be fun to compete with big calculator sites. I wanted to see if I can do good in SEO. ,https://www.indiehackers.com/product/calcuniverse,https://calcuniverse.app,https://storage.googleapis.com/indie-hackers.appspot.com/product-avatars/calcuniverse/LfYtVMhWeoV4J0P2t6Ny7auJKym1,0,1,,2026-03,2026-04-12T07:19:53.068Z,2026-04-12T07:19:52.739Z,2026-04-12T07:25:48.131Z,LfYtVMhWeoV4J0P2t6Ny7auJKym1,"education,productivity,science-engineering,utilities","advertising,free",self,"pc,web","commitment-side-project,employees-under-10,founders-code-yes,founders-solo,funding-self,platform-pc,platform-web,revenue-model-advertising,revenue-model-free,vertical-education,vertical-productivity,vertical-science-engineering,vertical-utilities",2026-04-13T21:01:34.471Z
devcheck,DevCheck,How healthy are your dependencies?,"I just wanted to make an app that I want to use. Also keeping track on each dependencies and seeing what's outdated is quite a pain. So I made this app so users can enter their package.json and voila, reports are  shown.",https://www.indiehackers.com/product/devcheck,https://devcheck.dev/,https://storage.googleapis.com/indie-hackers.appspot.com/product-avatars/devcheck/LfYtVMhWeoV4J0P2t6Ny7auJKym1,0,0,,2026-04,2026-04-12T07:14:17.668Z,2026-04-12T07:14:17.343Z,2026-04-12T07:16:06.876Z,LfYtVMhWeoV4J0P2t6Ny7auJKym1,"privacy-security,productivity,programming,utilities","advertising,free",self,"pc,web","commitment-side-project,employees-under-10,founders-code-yes,founders-solo,funding-self,platform-pc,platform-web,revenue-model-advertising,revenue-model-free,vertical-privacy-security,vertical-productivity,vertical-programming,vertical-utilities",2026-04-13T21:01:34.471Z
talentedatai,TalentedAtAI,Practical AI guides and honest tool reviews,"Most AI tool reviews are sponsored or outdated. TalentedAtAI 
exists to give honest, practical guidance on which AI tools 
are actually worth using.  Updated daily, written for people who want to work smarter with AI.",https://www.indiehackers.com/product/talentedatai,https://talentedatai.com,https://storage.googleapis.com/indie-hackers.appspot.com/product-avatars/talentedatai/tH1ug6wyK8cTTXn0ERIsyRWdyYs2,0,1,talentedat,2026-03,2026-04-12T06:50:50.154Z,2026-04-12T06:50:49.794Z,2026-04-12T07:01:45.827Z,tH1ug6wyK8cTTXn0ERIsyRWdyYs2,"ai,content,education","advertising,commission,partnerships",self,"mobile,pc,web","commitment-side-project,employees-0,founders-code-yes,founders-solo,funding-self,platform-mobile,platform-pc,platform-web,revenue-model-advertising,revenue-model-commission,revenue-model-partnerships,vertical-ai,vertical-content,vertical-education",2026-04-13T21:01:34.471Z
brightcast-good-news-daily,Brightcast: Good News Daily,"Verified Hope, Real Impact","Brightcast is a hope platform that tracks global progress and positive development across innovation, health, environment, and community. Every story is verified and scored by our Brightcast Impact Score (BIS).",https://www.indiehackers.com/product/brightcast-good-news-daily,https://www.brightcast.news,https://storage.googleapis.com/indie-hackers.appspot.com/product-avatars/brightcast-good-news-daily/UGESdvXg7Tf9x7VWEy5tQZyYQ7r2,0,1,BrightcastNews,2024-11,2026-04-12T05:52:19.071Z,2026-04-12T05:52:18.936Z,2026-04-12T05:59:20.492Z,UGESdvXg7Tf9x7VWEy5tQZyYQ7r2,"community,health-fitness,news-magazines",free,self,"android,ios,web","commitment-side-project,employees-0,founders-code-yes,founders-solo,funding-self,platform-android,platform-ios,platform-web,revenue-model-free,vertical-community,vertical-health-fitness,vertical-news-magazines",2026-04-13T21:01:34.471Z
solvera,Solvera,make promotion simple.,"Marketing agencies are often too expensive for small businesses, and Facebook’s Ad Manager is a nightmare for anyone who isn't a pro. I saw too many founders losing their entire budgets simply because they didn't have th",https://www.indiehackers.com/product/solvera,https://solvera.cz/,https://storage.googleapis.com/indie-hackers.appspot.com/product-avatars/solvera/HWpZhOrC6gV0pVx8G8RzFE8Cxco2,0,1,,2025-02,2026-04-12T05:41:46.400Z,2026-04-12T05:41:46.810Z,2026-04-12T05:51:45.828Z,HWpZhOrC6gV0pVx8G8RzFE8Cxco2,"advertising,ai,b2b,marketing",subscription,self,web,"commitment-full-time,employees-0,founders-code-yes,founders-solo,funding-self,platform-web,revenue-model-subscription,vertical-advertising,vertical-ai,vertical-b2b,vertical-marketing",2026-04-13T21:01:34.471Z
aiscending,AIscending,Free AI tools and guides for small business owners,Small business owners kept getting left behind in the AI revolution. A plumber shouldn't need a developer to stop losing jobs to voicemail. So I built AIscending — free tools and guides for non-technical people.,https://www.indiehackers.com/product/aiscending,https://aiscending.com,https://storage.googleapis.com/indie-hackers.appspot.com/product-avatars/aiscending/wGtCZnf0rTWNiuNQWFd2Xtofl5J3,0,1,,2026-03,2026-04-12T04:55:34.199Z,2026-04-12T04:55:18.870Z,2026-04-12T05:00:01.114Z,wGtCZnf0rTWNiuNQWFd2Xtofl5J3,"ai,content,marketing,productivity,saas",advertising,self,web,"commitment-full-time,employees-under-10,founders-code-yes,founders-solo,funding-self,platform-web,revenue-model-advertising,vertical-ai,vertical-content,vertical-marketing,vertical-productivity,vertical-saas",2026-04-13T21:01:34.471Z
coastfire-hub,CoastFIRE Hub,"Free Coast FIRE calculator — no signup, no tracking","Every FIRE calculator I found wanted my email, showed ads, or tried to sell me a retirement plan. I just wanted the math. So I built one — single HTML file, zero dependencies, runs in your browser.",https://www.indiehackers.com/product/coastfire-hub,https://coastfirehub.com,https://storage.googleapis.com/indie-hackers.appspot.com/product-avatars/coastfire-hub/7otsgGlTpxQZnrKdPYhbOObP3WY2,0,1,CoastFIREHub,2026-01,2026-04-12T04:09:51.048Z,2026-04-12T04:10:04.943Z,2026-04-12T04:28:45.481Z,7otsgGlTpxQZnrKdPYhbOObP3WY2,"finance,investing,open-source",free,bootstrapped,"browser,mobile,web","commitment-side-project,employees-0,founders-code-yes,founders-solo,funding-bootstrapped,platform-browser,platform-mobile,platform-web,revenue-model-free,vertical-finance,vertical-investing,vertical-open-source",2026-04-13T21:01:34.471Z
lekhanam,Lekhanam,A privacy-first book writing app with local AI,"I wanted to write my first book but every tool I found was either cloud-dependent, subscription-based, or just a text editor with no understanding of how books are actually written. So I built one that does.

",https://www.indiehackers.com/product/lekhanam,https://www.lekhanam.app,https://storage.googleapis.com/indie-hackers.appspot.com/product-avatars/lekhanam/wTN1XzbIbhQ53BdvQVtNI1E8M4s1,0,1,Anish_Believe,2026-03,2026-04-12T03:48:07.121Z,2026-04-12T03:48:06.865Z,2026-04-12T03:57:52.008Z,wTN1XzbIbhQ53BdvQVtNI1E8M4s1,"ai,books,productivity,writing",free,self,mac,"commitment-side-project,employees-0,founders-code-yes,founders-solo,funding-self,platform-mac,revenue-model-free,vertical-ai,vertical-books,vertical-productivity,vertical-writing",2026-04-13T21:01:34.471Z
idols-of-ash-2,Idols of Ash,"Idols of Ash: Grapple, Escape, & Confront Your Buried Past",Play Idols of Ash unblocked online for free.,https://www.indiehackers.com/product/idols-of-ash-2,https://idolsofash.pro/,https://storage.googleapis.com/indie-hackers.appspot.com/product-avatars/idols-of-ash-2/rJizBe87AfYwempj9rIdHWhW8eX2,0,1,,2026-04,2026-04-12T03:35:35.516Z,2026-04-12T03:35:35.262Z,2026-04-12T03:42:12.551Z,rJizBe87AfYwempj9rIdHWhW8eX2,games,free,bootstrapped,web,"commitment-side-project,employees-0,founders-code-yes,founders-solo,funding-bootstrapped,platform-web,revenue-model-free,vertical-games",2026-04-13T21:01:34.471Z
sparkum,Sparkum,"Schedule, publish, and track your social, all in one place","Me and my co-founder were trying to find a simple way to automate, plan and manage our social media profiles, we found the existing software was chunky, outdated and previous customers weren't pleased.",https://www.indiehackers.com/product/sparkum,https://sparkum.net,https://storage.googleapis.com/indie-hackers.appspot.com/product-avatars/sparkum/xdRIoRyegvWc1NzcNx0pBeGBBtm2,0,1,,2025-01,2026-04-12T03:16:09.489Z,2026-04-12T03:16:09.424Z,2026-04-12T03:21:42.642Z,xdRIoRyegvWc1NzcNx0pBeGBBtm2,"saas,social-media","free,subscription",self,web,"commitment-full-time,employees-under-10,founder-multi,founders-code-yes,funding-self,platform-web,revenue-model-free,revenue-model-subscription,vertical-saas,vertical-social-media",2026-04-13T21:01:34.471Z
botxify,Botxify,AI sales assistant for your website,"I built Botxify after struggling with low conversions on websites.

Traffic was coming in, but users weren’t converting because they didn’t have answers when they needed them. Most sites just leave visitors on their own.",https://www.indiehackers.com/product/botxify,https://www.botxify.com,https://storage.googleapis.com/indie-hackers.appspot.com/product-avatars/botxify/tAeEsrSAgIdcQrlSBZXEunXV97u1,0,1,,2024-02,2026-04-12T02:09:42.875Z,2026-04-12T02:09:42.590Z,2026-04-12T02:26:08.467Z,tAeEsrSAgIdcQrlSBZXEunXV97u1,"b2b,bots,saas,sales",subscription,self,web,"commitment-side-project,employees-0,founders-code-yes,founders-solo,funding-self,platform-web,revenue-model-subscription,vertical-b2b,vertical-bots,vertical-saas,vertical-sales",2026-04-13T21:01:34.471Z
shayari-and-poetry,Shayari and Poetry,"Dil se likhi hui baatein, har lafz mein ehsaas",Work,https://www.indiehackers.com/product/shayari-and-poetry,https://marathio.com/,https://storage.googleapis.com/indie-hackers.appspot.com/product-avatars/shayari-and-poetry/KiTGEo6iGsc5vzEV6w0MMpJ7DSK2,100,1,,2023-02,2026-04-11T22:51:49.407Z,2026-04-11T22:51:46.724Z,2026-04-11T22:59:31.829Z,KiTGEo6iGsc5vzEV6w0MMpJ7DSK2,"advertising,science-engineering",advertising,accelerator,android,"commitment-full-time,employees-10-plus,founder-multi,founders-code-yes,funding-accelerator,platform-android,revenue-model-advertising,vertical-advertising,vertical-science-engineering",2026-04-13T21:01:34.471Z
get-it-together-lance,"Get it Together, Lance.",Building a life-raft for my brain,​I built this because most productivity apps are too boring for my ADHD brain. It uses a points-based economy to turn daily maintenance into a game.,https://www.indiehackers.com/product/get-it-together-lance,https://www.gitl.beforeanything.fun/,https://storage.googleapis.com/indie-hackers.appspot.com/product-avatars/get-it-together-lance/y7NywjZsGkUh6wtRq2bKvzbb0dV2,0,1,,2026-02,2026-04-11T22:25:29.923Z,2026-04-11T22:25:29.783Z,2026-04-11T22:47:20.569Z,y7NywjZsGkUh6wtRq2bKvzbb0dV2,"health-fitness,productivity,task-management",free,self,,"commitment-side-project,employees-0,founders-code-yes,founders-solo,funding-self,revenue-model-free,vertical-health-fitness,vertical-productivity,vertical-task-management",2026-04-13T21:01:34.471Z
dislike404-com,dislike404.com,Free Automated 404 Checker,"I built a WordPress site for my wife and couldn't find a free tool that 
regularly monitors a website for broken links and notifies you when 
something breaks. Most tools are either paid, one-time scanners, or 
just not ",https://www.indiehackers.com/product/dislike404-com,https://dislike404.com,https://storage.googleapis.com/indie-hackers.appspot.com/product-avatars/dislike404-com/05KaeZuxqhMVkGl2CxHhFGBw0qg2,0,1,,2023-03,2026-04-11T22:22:04.300Z,2026-04-11T22:22:04.025Z,2026-04-11T22:38:46.199Z,05KaeZuxqhMVkGl2CxHhFGBw0qg2,"bots,programming,saas,utilities,web3","advertising,free",self,web,"commitment-side-project,employees-0,founders-code-yes,founders-solo,funding-self,platform-web,revenue-model-advertising,revenue-model-free,vertical-bots,vertical-programming,vertical-saas,vertical-utilities,vertical-web3",2026-04-13T21:01:34.471Z
anywhere-hired,Anywhere Hired,Find Your Next Remote Job,"After being frustrated with job searching, I’ve been developing a small side project.

That will automate the job thats in the market and display according to their interest.",https://www.indiehackers.com/product/anywhere-hired,https://anywherehired.com/,https://storage.googleapis.com/indie-hackers.appspot.com/product-avatars/anywhere-hired/Hb6Gr9TO1MTo81lLHdFvO4N9oCg2,0,1,,2026-04,2026-04-11T21:54:46.986Z,2026-04-11T21:54:46.882Z,2026-04-11T21:57:46.739Z,Hb6Gr9TO1MTo81lLHdFvO4N9oCg2,"ai,analytics,apis,bots,data,jobs-hiring",free,bootstrapped,desktop,"commitment-side-project,employees-0,founders-code-yes,founders-solo,funding-bootstrapped,platform-desktop,revenue-model-free,vertical-ai,vertical-analytics,vertical-apis,vertical-bots,vertical-data,vertical-jobs-hiring",2026-04-13T21:01:34.471Z
webintel-2,WebIntel,Track website changes without building scrapers,This is a small API that tracks website changes and gives a simple report. ,https://www.indiehackers.com/product/webintel-2,https://webintel.io,https://storage.googleapis.com/indie-hackers.appspot.com/product-avatars/webintel-2/n9TobtjE1Kd9XvaxU4Usr1SZTHB3,0,1,,2026-03,2026-04-11T21:17:01.707Z,2026-04-11T21:17:01.659Z,2026-04-11T21:50:10.550Z,n9TobtjE1Kd9XvaxU4Usr1SZTHB3,"ai,apis,data,productivity,saas",transactional,self,"mobile,pc,web","commitment-side-project,employees-0,founders-code-no,founders-solo,funding-self,platform-mobile,platform-pc,platform-web,revenue-model-transactional,vertical-ai,vertical-apis,vertical-data,vertical-productivity,vertical-saas",2026-04-13T21:01:34.471Z
sextaris,Sextaris,Check search demand across 234 countries and 19656 US cities,"I was tired of checking keyword demand one country at a time in Google Keyword Planner. Sextaris lets me see global demand in seconds, using real data.",https://www.indiehackers.com/product/sextaris,https://www.sextaris.com/,https://storage.googleapis.com/indie-hackers.appspot.com/product-avatars/sextaris/b6w7JVcysHbWp5CwkfJcVMBsevA2,10,1,,2026-04,2026-04-11T21:15:51.930Z,2026-04-11T21:15:49.876Z,2026-04-11T21:21:40.841Z,b6w7JVcysHbWp5CwkfJcVMBsevA2,"advertising,ai,analytics,apis,b2b,data,e-commerce,marketing,productivity,professional-services,saas",subscription,self,"desktop,mobile,web","commitment-side-project,employees-under-10,founders-code-yes,founders-solo,funding-self,platform-desktop,platform-mobile,platform-web,revenue-model-subscription,vertical-advertising,vertical-ai,vertical-analytics,vertical-apis,vertical-b2b,vertical-data,vertical-e-commerce,vertical-marketing,vertical-productivity,vertical-professional-services,vertical-saas,stripe-verified-revenue",2026-04-13T21:01:34.471Z
quloq,Quloq,AI flashcards with audio study and voice-graded exams.,"Originally a small project to help me keep up with AI — a notification-based  tidbit learningapp my girlfriend requested. But once I started building, scope creep hit hard. Hoping to make learning more interactive !",https://www.indiehackers.com/product/quloq,https://quloq.com/,https://storage.googleapis.com/indie-hackers.appspot.com/product-avatars/quloq/laQJzY97F5RJeRdlyWyaYBry8EW2,0,1,QuloqApp,2025-11,2026-04-11T21:09:47.439Z,2026-04-11T21:09:47.412Z,2026-04-12T20:27:43.339Z,laQJzY97F5RJeRdlyWyaYBry8EW2,"ai,education,music-audio,saas",subscription,self,ios,"commitment-side-project,employees-0,founders-code-yes,founders-solo,funding-self,platform-ios,revenue-model-subscription,vertical-ai,vertical-education,vertical-music-audio,vertical-saas",2026-04-13T21:01:34.471Z
joborigo,Joborigo,Track every application. Detect every ghost.,"Job searching is broken — and the silence is the worst part.
I tracked dozens of applications in Excel, waiting for responses that never came. Joborigo gives job seekers the visibility they deserve.",https://www.indiehackers.com/product/joborigo,https://www.joborigo.com,https://storage.googleapis.com/indie-hackers.appspot.com/product-avatars/joborigo/2A8xWqdFmdUi0kdKrREAbYb5m8G2,0,1,,2025-05,2026-04-11T20:53:03.987Z,2026-04-11T20:53:03.905Z,2026-04-11T20:58:39.194Z,2A8xWqdFmdUi0kdKrREAbYb5m8G2,"apis,b2b,b2c,jobs-hiring,saas,task-management","free,subscription",self,web,"commitment-side-project,employees-0,founders-code-yes,founders-solo,funding-self,platform-web,revenue-model-free,revenue-model-subscription,vertical-apis,vertical-b2b,vertical-b2c,vertical-jobs-hiring,vertical-saas,vertical-task-management",2026-04-13T21:01:34.471Z
nerdsip,Nerdsip,Know Stuff Nobody Else Does,"Modern apps are pump and dump. Many developers are pushing one app per month, or even week. We are here for a premium app, for an app that stays. That adds real value to users. For a beautiful experience.",https://www.indiehackers.com/product/nerdsip,https://nerdsip.com,https://storage.googleapis.com/indie-hackers.appspot.com/product-avatars/nerdsip/d2nRA3NanNMJRs2e1VBfyPGfXQW2,50,1,curlh1,2025-11,2026-04-11T20:35:20.077Z,2026-04-11T20:35:17.305Z,2026-04-11T20:40:26.106Z,d2nRA3NanNMJRs2e1VBfyPGfXQW2,"ai,community,games,saas",subscription,self,"android,ios","commitment-side-project,employees-under-10,founder-multi,founders-code-yes,funding-self,platform-android,platform-ios,revenue-model-subscription,vertical-ai,vertical-community,vertical-games,vertical-saas",2026-04-13T21:01:34.471Z
evental,Evental,QR code shareable album for all occasions,"Frustrated by having to collect photos from WhatsApp, Facebook and Insta from a launch event, I created Evental to solve this problem.",https://www.indiehackers.com/product/evental,https://evental.co,https://storage.googleapis.com/indie-hackers.appspot.com/product-avatars/evental/0n75RQr725fuhRxSimYSrEWjkqF2,500,1,,2023-06,2026-04-11T20:08:08.412Z,2026-04-11T20:08:08.342Z,2026-04-11T20:13:55.935Z,0n75RQr725fuhRxSimYSrEWjkqF2,"movies-video,photography",subscription,self,web,"commitment-side-project,employees-0,founders-code-yes,founders-solo,funding-self,platform-web,revenue-model-subscription,vertical-movies-video,vertical-photography",2026-04-13T21:01:34.471Z
syntaxed,Syntaxed,Post-deploy sanity checks for web apps,I built Syntaxed to make post-deploy checks faster and less stressful.,https://www.indiehackers.com/product/syntaxed,https://syntaxed.io,https://storage.googleapis.com/indie-hackers.appspot.com/product-avatars/syntaxed/j92YIdtPdUOhtYgGXItYhJ8NGsm1,0,1,DHooliganIO,2026-03,2026-04-11T19:53:58.724Z,2026-04-11T19:53:58.694Z,2026-04-11T20:10:18.252Z,j92YIdtPdUOhtYgGXItYhJ8NGsm1,"analytics,apis,productivity,programming,saas",subscription,bootstrapped,web,"commitment-side-project,employees-0,founders-code-yes,founders-solo,funding-bootstrapped,platform-web,revenue-model-subscription,vertical-analytics,vertical-apis,vertical-productivity,vertical-programming,vertical-saas,stripe-verified-revenue",2026-04-13T21:01:34.471Z
interview-ninja,Interview Ninja,Interview coaching that actually improves you.,"I was interviewing for a new role that I really wanted, but it is difficult to get enough useful practice. Interview Ninja gives you a 24/7 interview partner who supports your growth.",https://www.indiehackers.com/product/interview-ninja,https://interview.ninja,https://storage.googleapis.com/indie-hackers.appspot.com/product-avatars/interview-ninja/0n75RQr725fuhRxSimYSrEWjkqF2,0,1,,2026-02,2026-04-11T19:44:03.604Z,2026-04-11T19:44:03.530Z,2026-04-11T20:06:40.547Z,0n75RQr725fuhRxSimYSrEWjkqF2,"ai,b2c,jobs-hiring",subscription,self,web,"commitment-side-project,employees-0,founders-code-yes,founders-solo,funding-self,platform-web,revenue-model-subscription,vertical-ai,vertical-b2c,vertical-jobs-hiring",2026-04-13T21:01:34.471Z
bonai,Bonai,"all-in-one launch platform: site, domain, AEO","I spent months auditing how accurately AI systems describe businesses, with worrisome results. I was also tired of duct-taping together sites for projects and doing my own AEO. So I built a platform that launches right.",https://www.indiehackers.com/product/bonai,https://bonai.admatilabs.tech,https://storage.googleapis.com/indie-hackers.appspot.com/product-avatars/bonai/eLfcvUjPayfLXirbm1rUR9hVI7G3,0,1,,2026-04,2026-04-11T19:23:41.471Z,2026-04-11T19:23:41.140Z,2026-04-13T07:39:03.734Z,eLfcvUjPayfLXirbm1rUR9hVI7G3,"ai,b2b,saas",subscription,self,web,"commitment-side-project,employees-0,founders-code-yes,founders-solo,funding-self,platform-web,revenue-model-subscription,vertical-ai,vertical-b2b,vertical-saas",2026-04-13T21:01:34.471Z
progresspath,ProgressPath,progresspath.app,"A student in Lagos preparing for JSS exams and a student in London revising for KS3 have the same need — structured, reliable, curriculum-aligned help. But almost nothing serves both. So I conceived progresspath.",https://www.indiehackers.com/product/progresspath,https://progresspath.app,https://storage.googleapis.com/indie-hackers.appspot.com/product-avatars/progresspath/fbgblm9jLUWPbe3Yc6s9fenX0jQ2,0,1,,2025-05,2026-04-11T18:47:12.823Z,2026-04-11T18:47:12.528Z,2026-04-11T19:05:49.268Z,fbgblm9jLUWPbe3Yc6s9fenX0jQ2,"ai,education,saas",free,donations,"desktop,mobile,pc,web","commitment-side-project,employees-0,founders-code-yes,founders-solo,funding-donations,platform-desktop,platform-mobile,platform-pc,platform-web,revenue-model-free,vertical-ai,vertical-education,vertical-saas",2026-04-13T21:01:34.471Z
five-best-picks,Five Best Picks,"Actual, factual reviews of products. Don't guess, choose!","I got frustrated by all the product review sites that never really described in detail the pluses and minuses of a product, so I built my own. Now with over a thousand items reviewed. Would love your feedback!",https://www.indiehackers.com/product/five-best-picks,https://FiveBestPicks.com,https://storage.googleapis.com/indie-hackers.appspot.com/product-avatars/five-best-picks/03boOdzK9aQiiWynOoUa6EqcpBe2,0,1,FiveBestPicks,2026-01,2026-04-11T18:40:24.614Z,2026-04-11T18:40:24.424Z,2026-04-11T18:51:51.510Z,03boOdzK9aQiiWynOoUa6EqcpBe2,"clothing,communication,content,design,entertainment,fashion,food-drinks,games,hardware,health-fitness,home-automation,marketplaces,outdoors,productivity,programming,science-engineering,sports,travel,wearables",advertising,self,web,"commitment-side-project,employees-0,founders-code-yes,founders-solo,funding-self,platform-web,revenue-model-advertising,vertical-clothing,vertical-communication,vertical-content,vertical-design,vertical-entertainment,vertical-fashion,vertical-food-drinks,vertical-games,vertical-hardware,vertical-health-fitness,vertical-home-automation,vertical-marketplaces,vertical-outdoors,vertical-productivity,vertical-programming,vertical-science-engineering,vertical-sports,vertical-travel,vertical-wearables",2026-04-13T21:01:34.883Z
brand-name-checker,Brand Name Checker,Check your brand name availability across internet,"I kept seeing founders fall in love with a brand name, build for months, then discover it's taken on Instagram or trademarked. Most tools only check domains. BrandNameCheckr checks 11+ platforms at once —free, no signup",https://www.indiehackers.com/product/brand-name-checker,https://brandnamecheckr.com,https://storage.googleapis.com/indie-hackers.appspot.com/product-avatars/brand-name-checker/D5vOHVF300RpxcmEtqLZa60Akon2,0,1,indieb,2026-03,2026-04-11T18:00:03.585Z,2026-04-11T18:00:03.418Z,2026-04-11T18:05:49.995Z,D5vOHVF300RpxcmEtqLZa60Akon2,"b2c,growth,marketing,privacy-security",subscription,bootstrapped,web,"commitment-side-project,employees-0,founders-code-yes,founders-solo,funding-bootstrapped,platform-web,revenue-model-subscription,vertical-b2c,vertical-growth,vertical-marketing,vertical-privacy-security",2026-04-13T21:01:34.883Z
teethjob,TeethJob,AI-Powered Dental Staffing & Recruitment Marketplace,"TeethJob was built as a dedicated vertical marketplace that speaks the language of dentistry, giving practices instant access to pre-vetted candidates and giving professionals a private, anonymous way to explore.",https://www.indiehackers.com/product/teethjob,https://TeethJob.com,https://storage.googleapis.com/indie-hackers.appspot.com/product-avatars/teethjob/cWmzQDxQlweqCzgJDWEDCQqKAa03,0,1,,2025-12,2026-04-11T17:22:12.920Z,2026-04-11T17:22:12.322Z,2026-04-11T18:05:51.344Z,cWmzQDxQlweqCzgJDWEDCQqKAa03,"ai,b2b,health-fitness,jobs-hiring,marketplaces,medical,saas","advertising,subscription","bootstrapped,self",web,"commitment-side-project,employees-10-plus,founder-multi,founders-code-yes,funding-bootstrapped,funding-self,platform-web,revenue-model-advertising,revenue-model-subscription,vertical-ai,vertical-b2b,vertical-health-fitness,vertical-jobs-hiring,vertical-marketplaces,vertical-medical,vertical-saas",2026-04-13T21:01:34.883Z
flidget,Flidget,Stop losing users without knowing why,"we kept losing users and had no idea why.

surveys? ignored. emails? ""not the right time."" 
we were flying completely blind.

one day we just put a simple chat on our cancel page — 
not a form, not a popup. just a real c",https://www.indiehackers.com/product/flidget,https://flidget.com,https://storage.googleapis.com/indie-hackers.appspot.com/product-avatars/flidget/5w3HoWYp0rS3fjvVFEEDXYvJEHi2,2000,0,,2026-03,2026-04-11T16:46:13.420Z,2026-04-11T16:46:13.172Z,2026-04-13T15:20:49.559Z,5w3HoWYp0rS3fjvVFEEDXYvJEHi2,"ai,analytics,b2b,cro,e-commerce,growth,marketing,productivity,saas,sales",subscription,self,web,"commitment-full-time,employees-under-10,founders-code-yes,founders-solo,funding-self,platform-web,revenue-model-subscription,vertical-ai,vertical-analytics,vertical-b2b,vertical-cro,vertical-e-commerce,vertical-growth,vertical-marketing,vertical-productivity,vertical-saas,vertical-sales",2026-04-13T21:01:34.883Z
storyzee,Storyzee,AI Visibility Intelligence Platform,"When generative AI exploded, I noticed something nobody was tracking properly: brands were losing visibility not on Google, but inside ChatGPT, Perplexity, and Gemini. ",https://www.indiehackers.com/product/storyzee,https://www.storyzee.com,https://storage.googleapis.com/indie-hackers.appspot.com/product-avatars/storyzee/nKZbnvwEJEQQxnFaanDPmPEKwmJ3,0,1,,2025-01,2026-04-11T16:32:54.456Z,2026-04-11T16:32:54.395Z,2026-04-11T16:44:56.896Z,nKZbnvwEJEQQxnFaanDPmPEKwmJ3,"ai,analytics,saas",transactional,self,web,"commitment-full-time,employees-10-plus,founders-code-yes,founders-solo,funding-self,platform-web,revenue-model-transactional,vertical-ai,vertical-analytics,vertical-saas",2026-04-13T21:01:34.883Z
profit-scripts,Profit Scripts,"MEV engines, AI agents, and Fintech automation for Web3","I noticed a gap: big players have elite infra, while independents get slow, generic scripts. Profit Scripts exists to level the playing field. We build high-speed, boutique tools (MEV, AI, P2P)",https://www.indiehackers.com/product/profit-scripts,https://profitscripts.asia,https://storage.googleapis.com/indie-hackers.appspot.com/product-avatars/profit-scripts/GQdhcamM6TZCg3nn063pEKp6Me43,1000,1,ProfitScripts,2025-01,2026-04-11T16:24:17.219Z,2026-04-11T16:22:32.397Z,2026-04-11T16:30:56.895Z,GQdhcamM6TZCg3nn063pEKp6Me43,"ai,bots,cryptocurrency,finance,web3","consulting,partnerships,transactional","bootstrapped,self","desktop,mobile,web","commitment-full-time,employees-10-plus,founders-code-yes,founders-solo,funding-bootstrapped,funding-self,platform-desktop,platform-mobile,platform-web,revenue-model-consulting,revenue-model-partnerships,revenue-model-transactional,vertical-ai,vertical-bots,vertical-cryptocurrency,vertical-finance,vertical-web3",2026-04-13T21:01:34.883Z
luhosoul,LuhoSoul,AI-Powered Personal Analytics & Decision Intelligence,"To bridge the gap between ancient Eastern wisdom and modern AI. I want to provide high-achievers a 'Strategic Blueprint' to understand their karmic patterns, heal burnout, and make better life decisions when logic isn't ",https://www.indiehackers.com/product/luhosoul,https://luhosoul.com/,https://storage.googleapis.com/indie-hackers.appspot.com/product-avatars/luhosoul/lNlTiXnRF0dVtP1IXCycEdjaEJp1,1000,1,LuhoSo,2025-08,2026-04-11T16:21:11.483Z,2026-04-11T16:21:11.163Z,2026-04-11T16:29:43.538Z,lNlTiXnRF0dVtP1IXCycEdjaEJp1,"ai,analytics,b2c,productivity,saas","subscription,transactional",bootstrapped,"mobile,web","commitment-full-time,employees-0,founders-code-yes,founders-solo,funding-bootstrapped,platform-mobile,platform-web,revenue-model-subscription,revenue-model-transactional,vertical-ai,vertical-analytics,vertical-b2c,vertical-productivity,vertical-saas",2026-04-13T21:01:34.883Z
sheetflux,SheetFlux,Beautiful tracker apps for Google Sheets,"I wanted a good-looking tracker for the books I read – something in Google Sheets that actually felt like an app, not a blank grid. I built one and the  architecture was reusable enough that one became eleven.",https://www.indiehackers.com/product/sheetflux,https://sheetflux.pages.dev,https://storage.googleapis.com/indie-hackers.appspot.com/product-avatars/sheetflux/5Yud0pa6WAg2BKZP3V9tWI0DnEx2,0,1,,2026-03,2026-04-11T16:05:21.248Z,2026-04-11T16:05:21.761Z,2026-04-11T16:22:46.664Z,5Yud0pa6WAg2BKZP3V9tWI0DnEx2,"books,productivity,utilities",transactional,self,"desktop,mobile,web","commitment-side-project,employees-0,founders-code-yes,founders-solo,funding-self,platform-desktop,platform-mobile,platform-web,revenue-model-transactional,vertical-books,vertical-productivity,vertical-utilities",2026-04-13T21:01:34.883Z
invoinova,InvoiNova,"Free invoice generator — no sign up, instant PDF","I got frustrated with existing invoice tools — they all require sign-up, have paywalls, or are unnecessarily complex. I just wanted to generate a PDF invoice in 30 seconds without creating an account.",https://www.indiehackers.com/product/invoinova,https://invoinova.com,https://storage.googleapis.com/indie-hackers.appspot.com/product-avatars/invoinova/a5XJEhha5jdK321ulrGDkaNijah2,0,1,,2026-04,2026-04-11T16:04:15.623Z,2026-04-11T16:04:15.513Z,2026-04-11T16:22:43.154Z,a5XJEhha5jdK321ulrGDkaNijah2,"b2b,b2c,saas",free,self,web,"commitment-side-project,employees-0,founders-code-yes,founders-solo,funding-self,platform-web,revenue-model-free,vertical-b2b,vertical-b2c,vertical-saas",2026-04-13T21:01:34.883Z
imchatty,ImChatty,"Text-first chat without signup, video, ads, or distractions.","I started ImChatty because I felt that most online platforms make conversations harder than they need to be. There’s always a profile, a tracker, an algorithm or some kind of angle. I want to create a 'moment'.",https://www.indiehackers.com/product/imchatty,https://imchatty.com,https://storage.googleapis.com/indie-hackers.appspot.com/product-avatars/imchatty/NQWRQkWQlBYzW2O2kWZoyQ2NpPZ2,1,1,imchatty_news,2026-01,2026-04-11T14:29:56.322Z,2026-04-11T14:29:56.246Z,2026-04-11T14:41:44.553Z,NQWRQkWQlBYzW2O2kWZoyQ2NpPZ2,"ai,community,education,entertainment,social-media",free,self,"desktop,mobile,web","commitment-side-project,employees-0,founders-code-yes,founders-solo,funding-self,platform-desktop,platform-mobile,platform-web,revenue-model-free,vertical-ai,vertical-community,vertical-education,vertical-entertainment,vertical-social-media",2026-04-13T21:01:34.883Z
localith,Localith,The OS for managing hundreds of Google Business Profiles.,"While running my other company, agencies and bigger brands kept asking for tools to automate managing their local online profiles. So we built Localith.",https://www.indiehackers.com/product/localith,https://localith.ai/,https://storage.googleapis.com/indie-hackers.appspot.com/product-avatars/localith/jvhtlHYBvOMIRZw8ssu0TEg65U63,10000,1,,2025-09,2026-04-11T13:59:43.993Z,2026-04-11T13:59:43.891Z,2026-04-11T14:35:18.630Z,jvhtlHYBvOMIRZw8ssu0TEg65U63,"ai,analytics,apis,b2b,marketing,saas,social-media",subscription,bootstrapped,web,"commitment-side-project,employees-10-plus,founder-multi,founders-code-yes,funding-bootstrapped,platform-web,revenue-model-subscription,vertical-ai,vertical-analytics,vertical-apis,vertical-b2b,vertical-marketing,vertical-saas,vertical-social-media",2026-04-13T21:01:34.883Z
cognir,Cognir,Own what you read,Most productivity tools are graveyards for knowledge and ideas. You can have 4000 notes across 3 different platforms and never look at any of them twice and rewrite the same notes. Cognir changes that.,https://www.indiehackers.com/product/cognir,https://cognir.netlify.app/,https://storage.googleapis.com/indie-hackers.appspot.com/product-avatars/cognir/kUmM2jzeCxV3CYr4M7xsGhm6uqu1,0,1,,2026-02,2026-04-11T13:59:03.219Z,2026-04-11T13:59:03.628Z,2026-04-11T14:13:54.461Z,kUmM2jzeCxV3CYr4M7xsGhm6uqu1,"ai,books,content,data,productivity,utilities,writing","free,partnerships,subscription","donations,self",web,"commitment-full-time,employees-under-10,founders-code-yes,founders-solo,funding-donations,funding-self,platform-web,revenue-model-free,revenue-model-partnerships,revenue-model-subscription,vertical-ai,vertical-books,vertical-content,vertical-data,vertical-productivity,vertical-utilities,vertical-writing",2026-04-13T21:01:34.883Z
focusscape,FocusScape,Pomodoro timer with 18 ambient soundscapes for deep focus.," I built FocusScape because I struggled to find a focus tool that wasn't bloated with unnecessary features, social feeds, or intrusive data tracking. I wanted a clean, offline-first environment.",https://www.indiehackers.com/product/focusscape,https://www.adribyte-studio.com/mobile-apps/focusscape,https://storage.googleapis.com/indie-hackers.appspot.com/product-avatars/focusscape/DyJcgyKKadbv8rilMQQzS1bZ93R2,0,1,,2026-03,2026-04-11T13:56:23.950Z,2026-04-11T13:56:23.837Z,2026-04-11T14:10:09.458Z,DyJcgyKKadbv8rilMQQzS1bZ93R2,"b2c,health-fitness,music-audio,productivity,utilities",transactional,bootstrapped,"ios,mobile","commitment-full-time,employees-0,founders-code-yes,founders-solo,funding-bootstrapped,platform-ios,platform-mobile,revenue-model-transactional,vertical-b2c,vertical-health-fitness,vertical-music-audio,vertical-productivity,vertical-utilities",2026-04-13T21:01:34.883Z
itatscale,ItatScale,"AI-powered CRM, quotes & invoicing — built for freelancers a","After 5 years leading digital transformation projects in complex, multicultural enterprise environments, I kept seeing the same gap: freelancers and small businesses were left behind.
The tools available were either too ",https://www.indiehackers.com/product/itatscale,https://itatscale.fr,https://storage.googleapis.com/indie-hackers.appspot.com/product-avatars/itatscale/m5Grc3CmSReQ3C6uwRCiYpHUEHF2,100,1,,2026-02,2026-04-11T13:29:32.681Z,2026-04-11T13:29:24.599Z,2026-04-11T14:21:19.856Z,m5Grc3CmSReQ3C6uwRCiYpHUEHF2,"ai,analytics,b2b,b2c,bots,communication,data,email-marketing,mailing-lists,productivity,professional-services,saas,task-management",free,bootstrapped,web,"commitment-full-time,employees-under-10,founders-code-yes,founders-solo,funding-bootstrapped,platform-web,revenue-model-free,vertical-ai,vertical-analytics,vertical-b2b,vertical-b2c,vertical-bots,vertical-communication,vertical-data,vertical-email-marketing,vertical-mailing-lists,vertical-productivity,vertical-professional-services,vertical-saas,vertical-task-management",2026-04-13T21:01:34.883Z
1-better,1% Better,Visualise the compounding effect of your progress,"Most habit tracking apps get it wrong. They measure streaks which are binary and ignore the previously accumulated progress, which compounds. And compounding in not very intuitive. This solves that problem.",https://www.indiehackers.com/product/1-better,https://1better.today,https://storage.googleapis.com/indie-hackers.appspot.com/product-avatars/1-better/3NRF8zbUvlY5P42BqzTc28Fcvs53,0,1,holy_photon,2026-03,2026-04-11T13:10:56.775Z,2026-04-11T13:10:56.626Z,2026-04-11T13:16:24.830Z,3NRF8zbUvlY5P42BqzTc28Fcvs53,"health-fitness,productivity",subscription,"bootstrapped,self",ios,"commitment-side-project,employees-0,founders-code-yes,founders-solo,funding-bootstrapped,funding-self,platform-ios,revenue-model-subscription,vertical-health-fitness,vertical-productivity",2026-04-13T21:01:34.883Z
cdance,cdance,AI Dance Video Generator: Create Stunning Dance Content in S,"C Dance ai brings prompts, images, audio, and source video into one Seedance 2.0 workflow for reference-based generation and editing.",https://www.indiehackers.com/product/cdance,https://cdance.net,https://storage.googleapis.com/indie-hackers.appspot.com/product-avatars/cdance/WNwODZKbyrgCnNFugSW99XDypSe2,0,1,,2025-02,2026-04-11T12:30:33.764Z,2026-04-11T12:30:33.165Z,2026-04-11T12:33:38.285Z,WNwODZKbyrgCnNFugSW99XDypSe2,ai,"advertising,subscription",accelerator,web,"commitment-full-time,employees-10-plus,founders-code-yes,founders-solo,funding-accelerator,platform-web,revenue-model-advertising,revenue-model-subscription,vertical-ai",2026-04-13T21:01:34.883Z
trainsmarter,TrainSmarter,AI training coach for Whoop users,"I've been wearing a Whoop for over two years but my data never informed my actual training. I wanted my workouts and plan to adjust to my recovery, schedule, and body,  so I built this AI coach.",https://www.indiehackers.com/product/trainsmarter,https://www.trainsmarter.cc/,https://storage.googleapis.com/indie-hackers.appspot.com/product-avatars/trainsmarter/Xrkky3lLL0QloYUcelXKDBBjNYo2,50,2,,2026-04,2026-04-11T09:17:44.926Z,2026-04-11T09:17:44.380Z,2026-04-11T09:27:14.138Z,Xrkky3lLL0QloYUcelXKDBBjNYo2,"ai,b2c,health-fitness,sports,wearables",subscription,bootstrapped,web,"commitment-side-project,employees-0,founders-code-yes,founders-solo,funding-bootstrapped,platform-web,revenue-model-subscription,vertical-ai,vertical-b2c,vertical-health-fitness,vertical-sports,vertical-wearables",2026-04-13T21:01:34.883Z
malu,Malu,An anonymous platform for local mental health support,"Malu exists to make mental health support more accessible, anonymous, and human. It is built for people who need help but are held back by stigma, uncertainty, or the difficulty of finding the right local support",https://www.indiehackers.com/product/malu,http://www.malunetwork.com,https://storage.googleapis.com/indie-hackers.appspot.com/product-avatars/malu/W21A6sMTeiYxjBxeiHFExcdVjH43,0,1,,2025-11,2026-04-11T09:16:25.280Z,2026-04-11T09:16:25.001Z,2026-04-11T09:24:33.723Z,W21A6sMTeiYxjBxeiHFExcdVjH43,"b2b,health-fitness,privacy-security,saas","partnerships,subscription",seed,web,"commitment-side-project,employees-0,founders-code-no,founders-solo,funding-seed,platform-web,revenue-model-partnerships,revenue-model-subscription,vertical-b2b,vertical-health-fitness,vertical-privacy-security,vertical-saas",2026-04-13T21:01:34.883Z
invoicingbuilder-2,InvoicingBuilder,"For Freelancers, By Freelancers","Invoice tools felt too rigid—rigid invoice layouts, poor formatting, EU format issues, and no real customization.

So I built InvoicingBuilder.com to fix that.",https://www.indiehackers.com/product/invoicingbuilder-2,https://invoicingbuilder.com/,https://storage.googleapis.com/indie-hackers.appspot.com/product-avatars/invoicingbuilder-2/7lt4xFFIFHfrWI1DHXU8WQQ8rjF3,0,1,free_invoicing,2025-06,2026-04-11T09:14:32.579Z,2026-04-11T09:14:32.335Z,2026-04-11T09:43:07.561Z,7lt4xFFIFHfrWI1DHXU8WQQ8rjF3,"productivity,saas",free,self,web,"commitment-side-project,employees-0,founders-code-yes,founders-solo,funding-self,platform-web,revenue-model-free,vertical-productivity,vertical-saas",2026-04-13T21:01:34.883Z
endless-take-back-control-of-your-time,Endless – Take Back Control of Your Time,Not for everyone. Only for people serious about focus.,"Endless exists because most productivity apps solve the wrong problem.

People don’t need more stats or reminders — they need control over their actions in the moment.
",https://www.indiehackers.com/product/endless-take-back-control-of-your-time,https://getendless.app/,https://storage.googleapis.com/indie-hackers.appspot.com/product-avatars/endless-take-back-control-of-your-time/xFsvED9Np4M2qPqaxym1Y9qi1dD3,10,1,,2026-03,2026-04-11T09:06:08.709Z,2026-04-11T09:06:08.488Z,2026-04-11T09:14:52.147Z,xFsvED9Np4M2qPqaxym1Y9qi1dD3,"growth,productivity,utilities",subscription,self,ios,"commitment-side-project,employees-0,founders-code-yes,founders-solo,funding-self,platform-ios,revenue-model-subscription,vertical-growth,vertical-productivity,vertical-utilities",2026-04-13T21:01:34.883Z
realmarketapi,RealMarketAPI,Realtime Market Data API - Built for Developers,"Because market data today is fragmented, slow, and hard to use. RealMarketAPI is built to deliver fast, structured, and reliable data so traders and developers can focus on decision-making instead of fixing data problems",https://www.indiehackers.com/product/realmarketapi,https://realmarketapi.com/,https://storage.googleapis.com/indie-hackers.appspot.com/product-avatars/realmarketapi/Bzo30faMVMaR3APu17OtinFq8pI3,120,1,realma,2026-03,2026-04-11T08:30:13.313Z,2026-04-11T08:30:18.987Z,2026-04-11T08:37:12.880Z,Bzo30faMVMaR3APu17OtinFq8pI3,"ai,apis,b2c,cryptocurrency,data,finance,productivity,programming,saas",subscription,self,web,"commitment-side-project,employees-0,founders-code-yes,founders-solo,funding-self,platform-web,revenue-model-subscription,vertical-ai,vertical-apis,vertical-b2c,vertical-cryptocurrency,vertical-data,vertical-finance,vertical-productivity,vertical-programming,vertical-saas",2026-04-13T21:01:34.883Z
blueprinto,Blueprinto,Buyers are talking. Your agent finds them first.,"I was doing what every bootstrapped founder does — manually scrolling forums at midnight, hoping to find someone asking for exactly what I built.
One night I found a thread. Someone wrote: ""We're done with our current to",https://www.indiehackers.com/product/blueprinto,https://www.blueprinto.in,https://storage.googleapis.com/indie-hackers.appspot.com/product-avatars/blueprinto/hhe9LOCCdORRYkUJVbeOmX2bB4m1,0,1,,2025-09,2026-04-11T08:22:20.864Z,2026-04-11T08:22:21.175Z,2026-04-11T08:33:41.375Z,hhe9LOCCdORRYkUJVbeOmX2bB4m1,"advertising,ai,analytics,apis,b2b,communication,community,content,data,e-commerce,events,investing,marketing,marketplaces,navigation-mapping,news-magazines,payments,productivity,professional-services,programming,social-media,task-management,writing","consulting,partnerships,subscription",self,web,"commitment-full-time,employees-0,founders-code-yes,founders-solo,funding-self,platform-web,revenue-model-consulting,revenue-model-partnerships,revenue-model-subscription,vertical-advertising,vertical-ai,vertical-analytics,vertical-apis,vertical-b2b,vertical-communication,vertical-community,vertical-content,vertical-data,vertical-e-commerce,vertical-events,vertical-investing,vertical-marketing,vertical-marketplaces,vertical-navigation-mapping,vertical-news-magazines,vertical-payments,vertical-productivity,vertical-professional-services,vertical-programming,vertical-social-media,vertical-task-management,vertical-writing",2026-04-13T21:01:34.883Z
dialmain,Dialmain,Skip the receptionist get the  owner personal contacts,"Dialmain exists because there's a massive gap in the lead generation market that nobody is addressing.

Every existing tool (Apollo, ZoomInfo, Sales Navigator) is built for corporate B2B sales—finding VPs at SaaS compani",https://www.indiehackers.com/product/dialmain,https://www.dialmain.com/,https://storage.googleapis.com/indie-hackers.appspot.com/product-avatars/dialmain/NXOWZrrx7INR2hEZfqe0mCBEqEU2,20000,1,,2026-01,2026-04-11T07:33:29.604Z,2026-04-11T07:33:30.580Z,2026-04-11T07:59:59.544Z,NXOWZrrx7INR2hEZfqe0mCBEqEU2,"b2b,data,email-marketing,marketing,saas,sales",subscription,self,web,"commitment-full-time,employees-10-plus,founders-code-yes,founders-solo,funding-self,platform-web,revenue-model-subscription,vertical-b2b,vertical-data,vertical-email-marketing,vertical-marketing,vertical-saas,vertical-sales",2026-04-13T21:01:34.883Z
markidy,Markidy,Let AI find you,"Existing platforms lock in data, meaning AI agents can't find your listing. That's why I built this—to let AI agents discover your listing.",https://www.indiehackers.com/product/markidy,https://markidy.com,https://storage.googleapis.com/indie-hackers.appspot.com/product-avatars/markidy/iFtcddcjSlTIlnIGm97ZsSsXJiP2,0,1,,2026-04,2026-04-11T07:03:21.158Z,2026-04-11T07:03:20.142Z,2026-04-11T07:11:45.727Z,iFtcddcjSlTIlnIGm97ZsSsXJiP2,"ai,b2b,b2c,jobs-hiring,marketplaces,professional-services,sports,travel",subscription,self,"pc,web","commitment-full-time,employees-0,founders-code-yes,founders-solo,funding-self,platform-pc,platform-web,revenue-model-subscription,vertical-ai,vertical-b2b,vertical-b2c,vertical-jobs-hiring,vertical-marketplaces,vertical-professional-services,vertical-sports,vertical-travel,stripe-verified-revenue",2026-04-13T21:01:34.883Z
drifter,Drifter,Social travel app for connecting travelers with locals,"I built Drifter because I've been that traveler — spending hours on travel sites, reading reviews that all sound the same, showing up somewhere and realizing I completely missed what made the place special. The best meal",https://www.indiehackers.com/product/drifter,https://drifter--brnpoor.replit.app/,https://storage.googleapis.com/indie-hackers.appspot.com/product-avatars/drifter/SbvHNxN5F6dvDC3FrvuM60asbl53,0,1,,2026-03,2026-04-11T05:48:01.044Z,2026-04-11T05:48:01.206Z,2026-04-11T05:58:53.297Z,SbvHNxN5F6dvDC3FrvuM60asbl53,"ai,communication,community,social-media,travel","advertising,free",self,"desktop,pc,web","commitment-full-time,employees-0,founders-code-no,founders-solo,funding-self,platform-desktop,platform-pc,platform-web,revenue-model-advertising,revenue-model-free,vertical-ai,vertical-communication,vertical-community,vertical-social-media,vertical-travel",2026-04-13T21:01:34.883Z
remiminderai,RemiMinderAI,AI visit summaries that help families care better.,"I started RemiMinderAI after struggling to help my father, who has Parkinson’s and often forgets doctor instructions, and realizing how easily critical medical information gets lost after medical visits.",https://www.indiehackers.com/product/remiminderai,https://remiminderai.com/,https://storage.googleapis.com/indie-hackers.appspot.com/product-avatars/remiminderai/mgBmKpM8fsccydkEsdrRMbvab1y2,0,1,,2025-09,2026-04-11T05:40:55.773Z,2026-04-11T05:40:55.703Z,2026-04-12T05:17:02.759Z,mgBmKpM8fsccydkEsdrRMbvab1y2,health-fitness,free,self,android,"commitment-full-time,employees-0,founders-code-no,founders-solo,funding-self,platform-android,revenue-model-free,vertical-health-fitness",2026-04-13T21:01:34.883Z
valet-vault,Valet Vault,Barbershop Management App for Australian Barbers,I kept hearing the same thing from barbershop owners across Australia — every tool they were using was built for hair salons. Barbers run walk-ins and appointments simultaneously and nothing handled that properly. ,https://www.indiehackers.com/product/valet-vault,https://valetvault.com.au,https://storage.googleapis.com/indie-hackers.appspot.com/product-avatars/valet-vault/oJlAT1gNmrNhFqRzUORjj5rDnS02,2,1,,2023-02,2026-04-11T04:36:49.639Z,2026-04-11T04:36:49.429Z,2026-04-11T04:42:06.633Z,oJlAT1gNmrNhFqRzUORjj5rDnS02,"advertising,analytics,b2b,b2c,calendar,marketing,payments,saas,social-media",subscription,bootstrapped,"android,ios,mobile,web","commitment-full-time,employees-10-plus,founder-multi,founders-code-yes,funding-bootstrapped,platform-android,platform-ios,platform-mobile,platform-web,revenue-model-subscription,vertical-advertising,vertical-analytics,vertical-b2b,vertical-b2c,vertical-calendar,vertical-marketing,vertical-payments,vertical-saas,vertical-social-media",2026-04-13T21:01:34.883Z
dropledger,DropLedger,No-frills CRM for brands managing 20+ UGC creators,"DropLedger is the simple CRM for Shopify brands, Amazon sellers, and DTC companies managing 20–50 ongoing creator partnerships. Track deliverables, payments, and content without drowning in spreadsheets or paying 3k/mo.",https://www.indiehackers.com/product/dropledger,https://dropledger.carrd.co/,https://storage.googleapis.com/indie-hackers.appspot.com/product-avatars/dropledger/eLfcvUjPayfLXirbm1rUR9hVI7G3,0,1,,2026-04,2026-04-11T03:06:13.673Z,2026-04-11T03:06:13.606Z,2026-04-11T11:22:29.303Z,eLfcvUjPayfLXirbm1rUR9hVI7G3,"b2b,data,e-commerce,marketing","free,subscription",self,,"commitment-side-project,employees-0,founders-code-yes,founders-solo,funding-self,revenue-model-free,revenue-model-subscription,vertical-b2b,vertical-data,vertical-e-commerce,vertical-marketing",2026-04-13T21:01:34.883Z
bondstats,BondStats,Real-time bond market analytics & duration insights,"Most investors completely ignore bonds.

For years, that made sense — rates were near zero and nothing moved.

But that’s changing fast:
Japan yields are rising, volatility is back, and suddenly bonds are moving markets ",https://www.indiehackers.com/product/bondstats,https://www.bondstats.org,https://storage.googleapis.com/indie-hackers.appspot.com/product-avatars/bondstats/9iIedDaHp0aiBNZItBgK9WvU0cF2,0,1,bondstats,2026-03,2026-04-11T01:09:49.769Z,2026-04-11T01:09:49.610Z,2026-04-11T01:14:45.831Z,9iIedDaHp0aiBNZItBgK9WvU0cF2,"analytics,content,finance,government",commission,self,web,"commitment-side-project,employees-under-10,founders-code-yes,founders-solo,funding-self,platform-web,revenue-model-commission,vertical-analytics,vertical-content,vertical-finance,vertical-government",2026-04-13T21:01:34.883Z
freesbti,FreeSBTI,A meme-native personality test with shareable poster results,"Hey IH,

I just launched FreeSBTI: https://freesbti.org

SBTI is a meme-native personality test that feels more like a current-state snapshot than a fixed identity label. The original idea is funny and weirdly recognizab",https://www.indiehackers.com/product/freesbti,https://freesbti.org,https://storage.googleapis.com/indie-hackers.appspot.com/product-avatars/freesbti/cQWicnixlXUfb7cmhxtqnOstap12,0,1,,2026-04,2026-04-11T00:52:39.130Z,2026-04-11T00:52:38.920Z,2026-04-11T00:56:15.725Z,cQWicnixlXUfb7cmhxtqnOstap12,"community,content,entertainment,fashion,social-media",free,self,web,"commitment-side-project,employees-under-10,founders-code-yes,founders-solo,funding-self,platform-web,revenue-model-free,vertical-community,vertical-content,vertical-entertainment,vertical-fashion,vertical-social-media",2026-04-13T21:01:34.883Z
proofix-ai-2,Proofix.ai,The only review platform where every review is verified by a,To create fair reviews for local businesses ,https://www.indiehackers.com/product/proofix-ai-2,https://proofix.ai/,https://storage.googleapis.com/indie-hackers.appspot.com/product-avatars/proofix-ai-2/2EqvcBdIiqd2wFJOLj8o93yVXyA2,100,1,,2026-03,2026-04-10T23:43:33.874Z,2026-04-10T23:43:33.797Z,2026-04-11T00:00:37.708Z,2EqvcBdIiqd2wFJOLj8o93yVXyA2,communication,subscription,self,"android,desktop,ios,mac,mobile,pc,web","commitment-full-time,employees-under-10,founders-code-no,founders-solo,funding-self,platform-android,platform-desktop,platform-ios,platform-mac,platform-mobile,platform-pc,platform-web,revenue-model-subscription,vertical-communication",2026-04-13T21:01:34.883Z
opsrift,OpsRift,Incident docs in 60 seconds,"I spent 6 years running ops teams across iGaming and FinTech. Every incident ended the same way - manual documentations with imperfections. OpsRift automates it all with top quality results, only in 5 mins. ",https://www.indiehackers.com/product/opsrift,https://www.opsrift.com/,https://storage.googleapis.com/indie-hackers.appspot.com/product-avatars/opsrift/xBTwqaZjP2WIMWh04PXd1amUdcq1,0,1,,2026-03,2026-04-10T23:41:34.988Z,2026-04-10T23:41:34.748Z,2026-04-11T00:04:53.758Z,xBTwqaZjP2WIMWh04PXd1amUdcq1,"ai,analytics,apis,b2b,productivity,professional-services,saas",subscription,self,"desktop,mac,mobile,pc,web","commitment-full-time,employees-0,founders-code-yes,founders-solo,funding-self,platform-desktop,platform-mac,platform-mobile,platform-pc,platform-web,revenue-model-subscription,vertical-ai,vertical-analytics,vertical-apis,vertical-b2b,vertical-productivity,vertical-professional-services,vertical-saas",2026-04-13T21:01:34.883Z
zonefolio,ZoneFolio,"Launch your portfolio in minutes. No code, no excuses.","I kept seeing developers and designers with great work but no real place to show it. GitHub profiles, outdated PDFs, Notion pages — none of them were built to impress anyone.
ZoneFolio exists because work deserves a home",https://www.indiehackers.com/product/zonefolio,https://zonefolio.app/,https://storage.googleapis.com/indie-hackers.appspot.com/product-avatars/zonefolio/gDVjF5sdvnhEIQcaRJWeFYRJNNc2,0,1,,2025-08,2026-04-10T22:27:13.952Z,2026-04-10T22:27:13.763Z,2026-04-10T23:24:28.592Z,gDVjF5sdvnhEIQcaRJWeFYRJNNc2,"b2c,design,education,jobs-hiring,saas","free,subscription,transactional",self,web,"commitment-side-project,employees-0,founders-code-yes,founders-solo,funding-self,platform-web,revenue-model-free,revenue-model-subscription,revenue-model-transactional,vertical-b2c,vertical-design,vertical-education,vertical-jobs-hiring,vertical-saas",2026-04-13T21:01:34.883Z
saasoffers,SaasOffers,"Unlock $500,000+ in SaaS Credits for Your Startup","I was building a startup and kept overpaying for SaaS tools — so I built SaaSOffers to fix that. One platform, 500+ deals, $500k+ in credits for founders. 2,000+ startups are already saving — it's free to start.",https://www.indiehackers.com/product/saasoffers,https://saasoffers.tech/,https://storage.googleapis.com/indie-hackers.appspot.com/product-avatars/saasoffers/oaE9VOjj6LToZx6k5cR3CpW93MN2,2000,1,,2024-12,2026-04-10T22:23:25.895Z,2026-04-10T22:23:25.639Z,2026-04-10T22:49:57.070Z,oaE9VOjj6LToZx6k5cR3CpW93MN2,"b2b,community,content,marketplaces","advertising,commission,partnerships",bootstrapped,web,"commitment-full-time,employees-under-10,founder-multi,founders-code-no,funding-bootstrapped,platform-web,revenue-model-advertising,revenue-model-commission,revenue-model-partnerships,vertical-b2b,vertical-community,vertical-content,vertical-marketplaces",2026-04-13T21:01:34.883Z
velra,Velra,"Voice journal that turns your ""umms"" into clean diary entry","I wanted to journal but could never stick with typing. So I built an app where you just talk — AI handles the rest. It cleans up all the ""hmm"" and ""umm"", turns messy voice recordings into clean, readable diary entries.",https://www.indiehackers.com/product/velra,https://heeslabs.com/velra,https://storage.googleapis.com/indie-hackers.appspot.com/product-avatars/velra/oTimKyFiJxYb99p3KYAg57q7MnQ2,0,1,HeesLabsDev,2026-04,2026-04-10T22:12:46.106Z,2026-04-10T22:12:46.004Z,2026-04-10T22:21:33.130Z,oTimKyFiJxYb99p3KYAg57q7MnQ2,"ai,health-fitness,productivity",subscription,self,"android,ios,mobile","commitment-side-project,employees-0,founders-code-yes,founders-solo,funding-self,platform-android,platform-ios,platform-mobile,revenue-model-subscription,vertical-ai,vertical-health-fitness,vertical-productivity",2026-04-13T21:01:34.883Z
onboard-ai,OnBoard AI,Structured developer onboarding for teams,"Hiring a developer shouldn’t mean losing a week to onboarding chaos.

Onboard Developer helps teams turn messy setup processes into a clear, structured experience—so new engineers can start contributing from day one.",https://www.indiehackers.com/product/onboard-ai,https://www.onboard-developer.com/,https://storage.googleapis.com/indie-hackers.appspot.com/product-avatars/onboard-ai/kqn4FV1uk7UD71pcrqdKfOXuA4A3,0,1,,2026-02,2026-04-10T22:12:19.602Z,2026-04-10T22:12:20.154Z,2026-04-10T22:19:19.154Z,kqn4FV1uk7UD71pcrqdKfOXuA4A3,"growth,productivity,professional-services,programming,task-management",subscription,self,web,"commitment-side-project,employees-under-10,founders-code-yes,founders-solo,funding-self,platform-web,revenue-model-subscription,vertical-growth,vertical-productivity,vertical-professional-services,vertical-programming,vertical-task-management",2026-04-13T21:01:34.883Z
cadcrawl,CADcrawl,Find old CAD files faster with AI search.,I was wasting hours rebuilding old CAD parts because I couldn't find the original files in my messy folders. I built CADcrawl so engineers can instantly find their local 3D models using just a photo of the object,https://www.indiehackers.com/product/cadcrawl,https://cadcrawl.com,https://storage.googleapis.com/indie-hackers.appspot.com/product-avatars/cadcrawl/YTk85qGGB5aMfMV6A1wHOJe0Gbo2,0,1,cadcrawl,2026-03,2026-04-10T21:39:30.943Z,2026-04-10T21:39:30.893Z,2026-04-10T21:44:13.653Z,YTk85qGGB5aMfMV6A1wHOJe0Gbo2,"ai,b2b,productivity,professional-services",subscription,bootstrapped,desktop,"commitment-full-time,employees-0,founders-code-yes,founders-solo,funding-bootstrapped,platform-desktop,revenue-model-subscription,vertical-ai,vertical-b2b,vertical-productivity,vertical-professional-services",2026-04-13T21:01:34.883Z
virtualuncle,VirtualUncle,Independent AI tools reviews for regular people,Every AI tools list is either untested fluff or written for engineers. I test tools myself and write honest reviews for regular people.,https://www.indiehackers.com/product/virtualuncle,https://virtualuncle.com,https://storage.googleapis.com/indie-hackers.appspot.com/product-avatars/virtualuncle/rCqowo0De9e3fVYvPD7luTPEGHi1,0,1,virtualunc,2026-01,2026-04-10T21:27:26.485Z,2026-04-10T21:27:26.482Z,2026-04-10T21:43:42.444Z,rCqowo0De9e3fVYvPD7luTPEGHi1,"ai,apis,content,data,education,open-source,wordpress",free,self,"android,desktop,ios,mac,mobile,pc,web","commitment-full-time,employees-0,founders-code-yes,founders-solo,funding-self,platform-android,platform-desktop,platform-ios,platform-mac,platform-mobile,platform-pc,platform-web,revenue-model-free,vertical-ai,vertical-apis,vertical-content,vertical-data,vertical-education,vertical-open-source,vertical-wordpress",2026-04-13T21:01:34.883Z
multiw2,MultiW2,You have multiple employers. Your tax tools don't.,Being OverEmployed complicates your taxes and benefits and there are no tools available to help optimize your withholdings.,https://www.indiehackers.com/product/multiw2,https://www.multiw2.com,https://storage.googleapis.com/indie-hackers.appspot.com/product-avatars/multiw2/yIZCLQsWgAdMlfsY4egBNUktp4I3,250,1,multiw2,2026-01,2026-04-10T21:23:41.165Z,2026-04-10T21:23:41.186Z,2026-04-10T21:36:52.417Z,yIZCLQsWgAdMlfsY4egBNUktp4I3,"finance,professional-services",subscription,self,web,"commitment-side-project,employees-under-10,founders-code-yes,founders-solo,funding-self,platform-web,revenue-model-subscription,vertical-finance,vertical-professional-services",2026-04-13T21:01:34.883Z
grainheads,GrainHeads,GrainHeads is a granular synthesizer for iPhone and iPad.,"I am ambient musician with 20 years of experience in the field. I am working on multiple instruments, one of which is this GrainHeads iOS app. ",https://www.indiehackers.com/product/grainheads,https://grainheads.app,https://storage.googleapis.com/indie-hackers.appspot.com/product-avatars/grainheads/9rFxpdVbv6bld8MZnTtYXZpNifE2,1500,1,andyravenn,2026-01,2026-04-10T21:20:13.615Z,2026-04-10T21:20:13.540Z,2026-04-10T21:23:20.701Z,9rFxpdVbv6bld8MZnTtYXZpNifE2,music-audio,transactional,self,"ios,mac","commitment-side-project,employees-0,founders-code-yes,founders-solo,funding-self,platform-ios,platform-mac,revenue-model-transactional,vertical-music-audio",2026-04-13T21:01:34.883Z
nuven,Nuven,Less 'what do I cook?' More eating well — for Indian familie,Nuven exists because  it's the food engine that actually knows you — your kitchen — and surfaces the right food at the right moment. Nuven exists because no one should have to choose between their culture and eating well,https://www.indiehackers.com/product/nuven,https://www.gonuven.com/,https://storage.googleapis.com/indie-hackers.appspot.com/product-avatars/nuven/gjreXWIRwTMiGNuvdXxb4kXp3VH2,0,1,,2025-05,2026-04-10T21:19:51.975Z,2026-04-10T21:19:51.937Z,2026-04-10T21:31:04.304Z,gjreXWIRwTMiGNuvdXxb4kXp3VH2,food-drinks,free,bootstrapped,ios,"commitment-full-time,employees-under-10,founders-code-yes,founders-solo,funding-bootstrapped,platform-ios,revenue-model-free,vertical-food-drinks",2026-04-13T21:01:34.883Z
videk,Videk,Turn your iOS devices into a professional multi-cam studio.,I am streaming my synthesizer/eurorack jams and was constantly facing issues with complex multi-camera setups. Apps from third parties were expensive. So i decided to write my own.,https://www.indiehackers.com/product/videk,https://videk.app,https://storage.googleapis.com/indie-hackers.appspot.com/product-avatars/videk/9rFxpdVbv6bld8MZnTtYXZpNifE2,0,1,,2026-02,2026-04-10T20:58:02.980Z,2026-04-10T20:58:02.902Z,2026-04-10T21:03:30.722Z,9rFxpdVbv6bld8MZnTtYXZpNifE2,"movies-video,utilities","subscription,transactional",self,"ios,mac","commitment-side-project,employees-0,founders-code-yes,founders-solo,funding-self,platform-ios,platform-mac,revenue-model-subscription,revenue-model-transactional,vertical-movies-video,vertical-utilities",2026-04-13T21:01:34.883Z
spin-fox,Spin Fox,iGaming App with Slot & Sportsbook,I have great experience in building iGaming applications and have a passion about this industry.,https://www.indiehackers.com/product/spin-fox,https://spinfox.bet/,https://storage.googleapis.com/indie-hackers.appspot.com/product-avatars/spin-fox/1AO7f3G16Ic2LZEw7iZggyJAQXT2,10000,1,,2024-06,2026-04-10T20:56:25.491Z,2026-04-10T20:56:27.183Z,2026-04-10T21:01:11.319Z,1AO7f3G16Ic2LZEw7iZggyJAQXT2,"community,web3","advertising,free,partnerships",self,desktop,"commitment-full-time,employees-10-plus,founders-code-yes,founders-solo,funding-self,platform-desktop,revenue-model-advertising,revenue-model-free,revenue-model-partnerships,vertical-community,vertical-web3",2026-04-13T21:01:34.883Z
datasweeper,DataSweeper,Clean up your system data on Mac,I built this app because the decent competition only have subscription models. I don't feel like this is a $40-$60 per year product. I just wanted to clean my macBook and build a nice UI. ,https://www.indiehackers.com/product/datasweeper,https://datasweeper.app/,https://storage.googleapis.com/indie-hackers.appspot.com/product-avatars/datasweeper/vgfkMxfmAIfDKM7t58yPz2EDEeP2,9,1,charlestenib,2026-03,2026-04-10T20:51:01.605Z,2026-04-10T20:51:01.526Z,2026-04-10T21:02:04.786Z,vgfkMxfmAIfDKM7t58yPz2EDEeP2,"b2c,data,productivity,utilities",transactional,bootstrapped,mac,"commitment-side-project,employees-0,founders-code-no,founders-solo,funding-bootstrapped,platform-mac,revenue-model-transactional,vertical-b2c,vertical-data,vertical-productivity,vertical-utilities",2026-04-13T21:01:34.883Z
lexiq,LexIQ,AI-powered vocabulary learning app to learn words in context,The idea came to me when I was looking for an app to study vocabulary and felt something was missing in the ones I tried. So I built LexIQ to have features that I personally need while studying vocabulary,https://www.indiehackers.com/product/lexiq,https://www.lexiqapp.com/,https://storage.googleapis.com/indie-hackers.appspot.com/product-avatars/lexiq/bdpKdW1zYCdnm6kUkpR2MQKIOtY2,0,1,,2025-11,2026-04-10T20:50:16.205Z,2026-04-10T20:50:16.077Z,2026-04-10T20:59:09.390Z,bdpKdW1zYCdnm6kUkpR2MQKIOtY2,"ai,education",free,self,web,"commitment-side-project,employees-0,founders-code-yes,founders-solo,funding-self,platform-web,revenue-model-free,vertical-ai,vertical-education",2026-04-13T21:01:34.883Z
claribi-com,ClariBI.com,Multi-Source AI-driven Data Analytics Platform,"About 60 % of my work is actually reporting to different people the same data from different angles. So I figured, I might as well automate myself and put some bells and whistles on top of it while I do that.",https://www.indiehackers.com/product/claribi-com,https://claribi.com,https://storage.googleapis.com/indie-hackers.appspot.com/product-avatars/claribi-com/0k8TZHgD3VcSiN4LmeyyI2oxUBY2,0,1,,2025-04,2026-04-10T19:20:05.010Z,2026-04-10T19:20:04.191Z,2026-04-10T20:44:24.668Z,0k8TZHgD3VcSiN4LmeyyI2oxUBY2,"advertising,ai,analytics,b2b,communication,content,data,e-commerce,email-marketing,finance,growth,marketing,marketplaces,productivity,professional-services,saas,sales,social-media,task-management",subscription,"bootstrapped,self",web,"commitment-side-project,employees-0,founders-code-yes,founders-solo,funding-bootstrapped,funding-self,platform-web,revenue-model-subscription,vertical-advertising,vertical-ai,vertical-analytics,vertical-b2b,vertical-communication,vertical-content,vertical-data,vertical-e-commerce,vertical-email-marketing,vertical-finance,vertical-growth,vertical-marketing,vertical-marketplaces,vertical-productivity,vertical-professional-services,vertical-saas,vertical-sales,vertical-social-media,vertical-task-management,stripe-verified-revenue",2026-04-13T21:01:34.883Z
meecrogate,Meecrogate,The modular cloud-native API platform,"Meecrogate, a sovereign, low-code API orchestrator. It enables the public sector and private companies to quickly and securely connect modern APIs to legacy information systems.",https://www.indiehackers.com/product/meecrogate,https://www.meecrogate.com,https://storage.googleapis.com/indie-hackers.appspot.com/product-avatars/meecrogate/IYQIQTwNeKV6RYZyXnqX9jZEEko2,0,1,,2023-01,2026-04-10T19:20:02.953Z,2026-04-10T19:20:02.876Z,2026-04-10T19:39:34.624Z,IYQIQTwNeKV6RYZyXnqX9jZEEko2,"apis,b2b","consulting,subscription",self,web,"commitment-full-time,employees-10-plus,founder-multi,founders-code-yes,funding-self,platform-web,revenue-model-consulting,revenue-model-subscription,vertical-apis,vertical-b2b",2026-04-13T21:01:34.883Z
mentor,Mentor,"AI-powered personal life companion with journaling, goal tra","Built Mentor because journaling without insights is just note-taking. 
Added AI pattern recognition, mood/health tagging, goal tracking, and 
life summaries to turn daily entries into actionable understanding.

Full sour",https://www.indiehackers.com/product/mentor,https://axilasoft.gumroad.com/l/piedxw,https://storage.googleapis.com/indie-hackers.appspot.com/product-avatars/mentor/jk5VRu1kDsUqAaLpi8oTfuZa2MS2,99,1,,2026-01,2026-04-10T18:47:27.998Z,2026-04-10T18:47:27.877Z,2026-04-10T19:00:32.735Z,jk5VRu1kDsUqAaLpi8oTfuZa2MS2,"ai,health-fitness",transactional,bootstrapped,"android,desktop,ios,mobile,web","commitment-side-project,employees-0,founders-code-yes,founders-solo,funding-bootstrapped,platform-android,platform-desktop,platform-ios,platform-mobile,platform-web,revenue-model-transactional,vertical-ai,vertical-health-fitness",2026-04-13T21:01:34.883Z
lifeflow-planner,LifeFlow ,Execution system for builders,"I had multiple projects and shipped nothing for months. No tool told me what to actually DO today — they helped me organize, not execute.
So I built LifeFlow — an execution system for builders who are tired of planning.",https://www.indiehackers.com/product/lifeflow-planner,https://apps.apple.com/us/app/lifeflow-planner/id6757932972,https://storage.googleapis.com/indie-hackers.appspot.com/product-avatars/lifeflow-planner/H48QaeeG6ZcZnSK2Q83jjdUtFct1,0,1,,2025-11,2026-04-10T18:45:44.056Z,2026-04-10T18:45:43.951Z,2026-04-10T19:21:36.039Z,H48QaeeG6ZcZnSK2Q83jjdUtFct1,"productivity,task-management",subscription,self,"ios,mobile","commitment-full-time,employees-0,founders-code-yes,founders-solo,funding-self,platform-ios,platform-mobile,revenue-model-subscription,vertical-productivity,vertical-task-management",2026-04-13T21:01:34.883Z
kekius-maximus,Kekius Maximus,-,We've generated ~$3M trading volume + built a ~$10M community-backed asset now turning it into a prediction market (beta April 20),https://www.indiehackers.com/product/kekius-maximus,https://www.kekiusmaximus.vip/,https://storage.googleapis.com/indie-hackers.appspot.com/product-avatars/kekius-maximus/UXjIJzjganRXNK3xcwTOH5DwSSE2,40000,1,hyzvlyly86448,2025-12,2026-04-10T17:37:16.834Z,2026-04-10T17:37:16.197Z,2026-04-10T20:47:31.691Z,UXjIJzjganRXNK3xcwTOH5DwSSE2,"communication,community,cryptocurrency","commission,transactional","bootstrapped,seed","android,ios,mobile,web","commitment-full-time,employees-10-plus,founder-multi,founders-code-yes,funding-bootstrapped,funding-seed,platform-android,platform-ios,platform-mobile,platform-web,revenue-model-commission,revenue-model-transactional,vertical-communication,vertical-community,vertical-cryptocurrency",2026-04-13T21:01:34.883Z
unity-gate,Unity Gate,A digital sanctuary for the lonely generation.,"I am a 20-year-old student who believes that the biggest pandemic of our century isn’t a virus, but the silent erosion of human connection: Loneliness.",https://www.indiehackers.com/product/unity-gate,https://unity-gate.com/,https://storage.googleapis.com/indie-hackers.appspot.com/product-avatars/unity-gate/V32p8AlWCBgtadbbeZBpqbjHO1y1,1000,1,,2025-02,2026-04-10T17:34:20.993Z,2026-04-10T17:34:20.842Z,2026-04-10T17:46:20.063Z,V32p8AlWCBgtadbbeZBpqbjHO1y1,"ai,apis,b2b,b2c,finance,health-fitness,professional-services","commission,consulting,transactional","bootstrapped,self","android,ios,web","commitment-full-time,employees-under-10,founders-code-yes,founders-solo,funding-bootstrapped,funding-self,platform-android,platform-ios,platform-web,revenue-model-commission,revenue-model-consulting,revenue-model-transactional,vertical-ai,vertical-apis,vertical-b2b,vertical-b2c,vertical-finance,vertical-health-fitness,vertical-professional-services",2026-04-13T21:01:34.883Z
stratlypulse,StratlyPulse,Turn Vague Marketing Ideas Into Clear Strategic Roadmap,The idea is to get the clear executable AI driven marketing strategies over generic strategies.,https://www.indiehackers.com/product/stratlypulse,https://stratlypulse.com/,https://storage.googleapis.com/indie-hackers.appspot.com/product-avatars/stratlypulse/UwTsdwkWATYdmPYxtBC5Xz2d5bg2,1000,1,,2026-04,2026-04-10T16:46:57.606Z,2026-04-10T16:46:57.425Z,2026-04-10T17:01:01.899Z,UwTsdwkWATYdmPYxtBC5Xz2d5bg2,"advertising,ai,marketing,social-media",subscription,bootstrapped,web,"commitment-side-project,employees-under-10,founders-code-yes,founders-solo,funding-bootstrapped,platform-web,revenue-model-subscription,vertical-advertising,vertical-ai,vertical-marketing,vertical-social-media",2026-04-13T21:01:34.883Z
insydz,Insydz,AI-powered ecommerce analytics platform,"Indian sellers on Amazon and Flipkart relied on guesswork and tools built for Western markets. Insydz gives every Indian seller AI powered intelligence for pricing, keywords and competitor tracking.",https://www.indiehackers.com/product/insydz,https://insydz.com/,https://storage.googleapis.com/indie-hackers.appspot.com/product-avatars/insydz/CKeliPAMPUU8qlOWHHE5ac6A0aY2,0,1,growwi,2025-11,2026-04-10T16:37:04.045Z,2026-04-10T16:37:03.828Z,2026-04-13T10:08:12.530Z,CKeliPAMPUU8qlOWHHE5ac6A0aY2,"ai,analytics,apis,b2c,data,e-commerce,marketing,marketplaces,saas",subscription,self,web,"commitment-full-time,employees-10-plus,founder-multi,founders-code-yes,funding-self,platform-web,revenue-model-subscription,vertical-ai,vertical-analytics,vertical-apis,vertical-b2c,vertical-data,vertical-e-commerce,vertical-marketing,vertical-marketplaces,vertical-saas",2026-04-13T21:01:34.883Z
how-many-more-sleeps,How Many More Sleeps,Count steps till big day,“I made this because I got tired of answering ‘how many sleeps until…?’ 20 times a day 😅”,https://www.indiehackers.com/product/how-many-more-sleeps,https://apps.apple.com/nz/app/how-many-more-sleeps/id1619521311,https://storage.googleapis.com/indie-hackers.appspot.com/product-avatars/how-many-more-sleeps/TjgZF7lX2uNzXgPK1y8GMLY62uy2,0,1,,2026-03,2026-04-10T16:22:33.498Z,2026-04-10T16:22:33.364Z,2026-04-10T16:32:50.671Z,TjgZF7lX2uNzXgPK1y8GMLY62uy2,"ai,kids,saas",transactional,self,ios,"commitment-side-project,employees-0,founders-code-yes,founders-solo,funding-self,platform-ios,revenue-model-transactional,vertical-ai,vertical-kids,vertical-saas",2026-04-13T21:01:34.883Z
origin,Origin,AI-native source code management,"AI is changing how code gets written, but source control has not kept up.
Teams can see what changed, but not always why it changed or how much of it was AI-generated. Origin exists to bring visibility, control.",https://www.indiehackers.com/product/origin,https://getorigin.io/,https://storage.googleapis.com/indie-hackers.appspot.com/product-avatars/origin/jgizDb5aefehF5Km3n23My1VkZZ2,1100,1,,2026-03,2026-04-10T15:50:34.087Z,2026-04-10T15:50:33.919Z,2026-04-10T18:57:14.019Z,jgizDb5aefehF5Km3n23My1VkZZ2,"ai,analytics,apis,open-source,programming,saas","free,subscription",self,"android,browser,desktop,ios,mac,mobile,pc,web","commitment-full-time,employees-0,founders-code-yes,founders-solo,funding-self,platform-android,platform-browser,platform-desktop,platform-ios,platform-mac,platform-mobile,platform-pc,platform-web,revenue-model-free,revenue-model-subscription,vertical-ai,vertical-analytics,vertical-apis,vertical-open-source,vertical-programming,vertical-saas",2026-04-13T21:01:34.883Z
tool-forge-xyz,Tool-Forge.xyz,"Fast, free online tools designed for the modern web.","I built ToolForge because I was tired of googling ""free video converter"" and landing on ad-stuffed, account-walled sites that want your email just to convert avi to mp4.

",https://www.indiehackers.com/product/tool-forge-xyz,https://tool-forge.xyz/,https://storage.googleapis.com/indie-hackers.appspot.com/product-avatars/tool-forge-xyz/waguSFRj6tTiud20PXAQie4qy8T2,5,1,ToolForgeAgent,2025-03,2026-04-10T13:45:06.381Z,2026-04-10T13:45:05.627Z,2026-04-10T13:57:29.054Z,waguSFRj6tTiud20PXAQie4qy8T2,"ai,bots,cryptocurrency,data,finance,marketing,privacy-security,productivity,saas,utilities,web3,writing","advertising,commission,free,partnerships","donations,self",web,"commitment-side-project,employees-0,founders-code-yes,founders-solo,funding-donations,funding-self,platform-web,revenue-model-advertising,revenue-model-commission,revenue-model-free,revenue-model-partnerships,vertical-ai,vertical-bots,vertical-cryptocurrency,vertical-data,vertical-finance,vertical-marketing,vertical-privacy-security,vertical-productivity,vertical-saas,vertical-utilities,vertical-web3,vertical-writing",2026-04-13T21:01:34.883Z
chatflow,Chatflow,AI-powered platform to enhance customer interactions,We built Chatflow because great customer support shouldn't require a big team or a developer. Businesses were spending countless hours answering the same questions over and over again. We want that to change. ,https://www.indiehackers.com/product/chatflow,https://chatflow.co,https://storage.googleapis.com/indie-hackers.appspot.com/product-avatars/chatflow/f90TQZF8BKUxMJSKB61EukpRBXz1,300,1,Chat_flow_app,2025-04,2026-04-10T12:59:28.521Z,2026-04-10T12:59:29.107Z,2026-04-10T13:13:30.807Z,f90TQZF8BKUxMJSKB61EukpRBXz1,"ai,bots,communication,mailing-lists,saas,social-media",subscription,self,browser,"commitment-full-time,employees-10-plus,founders-code-yes,founders-solo,funding-self,platform-browser,revenue-model-subscription,vertical-ai,vertical-bots,vertical-communication,vertical-mailing-lists,vertical-saas,vertical-social-media",2026-04-13T21:01:34.883Z
catch-the-signal,Catch The Signal,"Never Miss Opportunity — Funding, Jobs, OS all 24hr Fresh","Hey! I built Catch The Signal because I was tired of checking 10+ sites every day just to stay on top of opportunities. PH for launches, HackerOne for bounties, GitHub for OS, LinkedIn for jobs — it was exhausting.",https://www.indiehackers.com/product/catch-the-signal,https://catchthesignal.com/,https://storage.googleapis.com/indie-hackers.appspot.com/product-avatars/catch-the-signal/eqk9DKRAdVhs6IC67t7fP9qV20r1,19,1,catch_signal,2025-12,2026-04-10T12:43:46.300Z,2026-04-10T12:43:47.189Z,2026-04-10T16:11:04.820Z,eqk9DKRAdVhs6IC67t7fP9qV20r1,"ai,data,growth,jobs-hiring,open-source,productivity,saas",subscription,self,web,"commitment-full-time,employees-0,founders-code-yes,founders-solo,funding-self,platform-web,revenue-model-subscription,vertical-ai,vertical-data,vertical-growth,vertical-jobs-hiring,vertical-open-source,vertical-productivity,vertical-saas",2026-04-13T21:01:34.883Z
designagents,DesignAgents,A canvas where AI agents help you design,"Most AI tools give you one assistant, but creative work usually involves multiple roles working together.

I built DesignAgents to explore what happens when AI works more like a design team on a shared canvas.
",https://www.indiehackers.com/product/designagents,https://designagents.app/,https://storage.googleapis.com/indie-hackers.appspot.com/product-avatars/designagents/L24aJzmZj2Q4rbZ52vjYt9LcLaL2,39,1,,2026-04,2026-04-10T11:54:11.777Z,2026-04-10T11:54:11.668Z,2026-04-10T12:00:44.514Z,L24aJzmZj2Q4rbZ52vjYt9LcLaL2,"ai,b2c,bots,community,content,design,saas,social-media",subscription,bootstrapped,web,"commitment-side-project,employees-0,founders-code-yes,founders-solo,funding-bootstrapped,platform-web,revenue-model-subscription,vertical-ai,vertical-b2c,vertical-bots,vertical-community,vertical-content,vertical-design,vertical-saas,vertical-social-media",2026-04-13T21:01:34.884Z
oracleoddsai,Oracleoddsai,AI-powered sports predictions that beat the sportsbooks,Because the future of what I’m building excites me,https://www.indiehackers.com/product/oracleoddsai,https://oracleai.live/,https://storage.googleapis.com/indie-hackers.appspot.com/product-avatars/oracleoddsai/plPIz3bJOwPbQilbzul6Fzd4ZYn2,0,1,Pushthevibe,2025-03,2026-04-10T11:46:13.601Z,2026-04-10T11:46:13.532Z,2026-04-10T11:52:34.545Z,plPIz3bJOwPbQilbzul6Fzd4ZYn2,"ai,analytics,bots,growth,sports",subscription,self,web,"commitment-full-time,employees-0,founders-code-yes,founders-solo,funding-self,platform-web,revenue-model-subscription,vertical-ai,vertical-analytics,vertical-bots,vertical-growth,vertical-sports",2026-04-13T21:01:34.884Z
appvideostudio,AppVideoStudio,"Professional App Videos, built in your browser.",I used to make video in the browser with just css and js and i decided to step up my game by making it into a tool that anyone case use.,https://www.indiehackers.com/product/appvideostudio,https://appvideostudio.com,https://storage.googleapis.com/indie-hackers.appspot.com/product-avatars/appvideostudio/BTW8ayO8DXd5wrVQgN0t5Id1LVa2,0,1,,2026-02,2026-04-10T11:32:21.728Z,2026-04-10T11:32:21.680Z,2026-04-10T14:05:15.266Z,BTW8ayO8DXd5wrVQgN0t5Id1LVa2,"b2b,design,marketing",subscription,bootstrapped,web,"commitment-side-project,employees-under-10,founders-code-yes,founders-solo,funding-bootstrapped,platform-web,revenue-model-subscription,vertical-b2b,vertical-design,vertical-marketing",2026-04-13T21:01:34.884Z
lawyer-directory-canada,Lawyer Directory Canada,Canada's modern lawyer and law firm directory,We want to help Canadians find lawyers in Canada across all provinces and territories.,https://www.indiehackers.com/product/lawyer-directory-canada,https://lawyerdirectorycanada.ca/,https://storage.googleapis.com/indie-hackers.appspot.com/product-avatars/lawyer-directory-canada/rnHk2S3ODbTjnZqpqdMXt8wkIkH3,200,1,,2022-03,2026-04-10T11:18:50.336Z,2026-04-10T11:18:50.439Z,2026-04-10T11:22:51.959Z,rnHk2S3ODbTjnZqpqdMXt8wkIkH3,"legal,marketing","consulting,subscription",self,"android,desktop,ios,mac,mobile,pc,web","commitment-side-project,employees-under-10,founder-multi,founders-code-yes,funding-self,platform-android,platform-desktop,platform-ios,platform-mac,platform-mobile,platform-pc,platform-web,revenue-model-consulting,revenue-model-subscription,vertical-legal,vertical-marketing",2026-04-13T21:01:34.884Z
pressrelease-top,PressRelease.Top,https://pressrelease.top/,"PressRelease.Top exists because many businesses, startups, and website owners have updates worth sharing, but they often do not have a simple place to publish them in a clear, structured, and professional format.",https://www.indiehackers.com/product/pressrelease-top,https://pressrelease.top/,https://storage.googleapis.com/indie-hackers.appspot.com/product-avatars/pressrelease-top/6i0oQX05IPO6LKFJSfgVKdeCp5z2,500,1,,2025-12,2026-04-10T11:15:48.338Z,2026-04-10T11:15:44.501Z,2026-04-10T11:27:14.658Z,6i0oQX05IPO6LKFJSfgVKdeCp5z2,"advertising,b2b,b2c,communication,content,growth,marketing,news-magazines,social-media","advertising,consulting,transactional",self,web,"commitment-side-project,employees-under-10,founders-code-yes,founders-solo,funding-self,platform-web,revenue-model-advertising,revenue-model-consulting,revenue-model-transactional,vertical-advertising,vertical-b2b,vertical-b2c,vertical-communication,vertical-content,vertical-growth,vertical-marketing,vertical-news-magazines,vertical-social-media",2026-04-13T21:01:34.884Z
dimnai,Dimnai,"The All-in-One AI Tool - Generate TikToks, Reels, Shorts",I’m building Dimnai because the 'SaaS tax' is killing indie creators. Most people don't need five different expensive subscriptions; they need one powerful toolkit that just works. Dimnai exists to give creators professi,https://www.indiehackers.com/product/dimnai,https://dimnai.com,https://storage.googleapis.com/indie-hackers.appspot.com/product-avatars/dimnai/mwU7F1upnUZzVrn99SYaHAXzjy62,0,1,dimnaii,2026-03,2026-04-10T11:08:16.023Z,2026-04-10T11:08:15.701Z,2026-04-10T11:15:22.064Z,mwU7F1upnUZzVrn99SYaHAXzjy62,"advertising,ai,content,growth,movies-video,podcasting,productivity,programming,saas,social-media",subscription,self,web,"commitment-side-project,employees-under-10,founders-code-yes,founders-solo,funding-self,platform-web,revenue-model-subscription,vertical-advertising,vertical-ai,vertical-content,vertical-growth,vertical-movies-video,vertical-podcasting,vertical-productivity,vertical-programming,vertical-saas,vertical-social-media",2026-04-13T21:01:34.884Z
wexio,Wexio,AI-Powered Conversational Automation Platform,"Wexio helps businesses automate customer conversations across WhatsApp, Instagram, Telegram, Viber, and more. Build AI-powered chatbot flows, manage all channels from a unified inbox, and scale customer engagement withou",https://www.indiehackers.com/product/wexio,https://wexio.io,https://storage.googleapis.com/indie-hackers.appspot.com/product-avatars/wexio/7uFNXctfZffPr0HANuZ3l68U43s1,0,1,wexio_io,2025-04,2026-04-10T11:00:19.887Z,2026-04-10T11:00:19.779Z,2026-04-10T11:12:55.132Z,7uFNXctfZffPr0HANuZ3l68U43s1,"ai,b2b,bots,communication,saas",subscription,self,"mobile,web","commitment-side-project,employees-under-10,founders-code-yes,founders-solo,funding-self,platform-mobile,platform-web,revenue-model-subscription,vertical-ai,vertical-b2b,vertical-bots,vertical-communication,vertical-saas",2026-04-13T21:01:34.884Z
returnguardian,ReturnGuardian,Reduce ecommerce returns by fixing product pages,"Built ReturnGuardian after auditing my own product pages and realising we focus on getting the sale, not preventing the return. I kept seeing the same issues causing refunds,  so I moved from working manually to a tool.",https://www.indiehackers.com/product/returnguardian,https://returnguardian.app,https://storage.googleapis.com/indie-hackers.appspot.com/product-avatars/returnguardian/TTwrjVYL34d3dUCX7GfoElvKWy42,52,1,,2026-04,2026-04-10T10:40:04.051Z,2026-04-10T10:40:02.555Z,2026-04-10T10:49:22.116Z,TTwrjVYL34d3dUCX7GfoElvKWy42,"analytics,b2b,b2c,content,cro,e-commerce,growth,saas,sales,shopping",subscription,bootstrapped,web,"commitment-side-project,employees-0,founders-code-yes,founders-solo,funding-bootstrapped,platform-web,revenue-model-subscription,vertical-analytics,vertical-b2b,vertical-b2c,vertical-content,vertical-cro,vertical-e-commerce,vertical-growth,vertical-saas,vertical-sales,vertical-shopping,stripe-verified-revenue",2026-04-13T21:01:34.884Z
builders,Builders,Builders.to — The operating system for solo SaaS founders,"Most solo founders don't fail because their idea is bad. They fail because building alone is brutal — no rhythm, no accountability, no one noticing when you go quiet for two weeks.",https://www.indiehackers.com/product/builders,https://builders.to,https://storage.googleapis.com/indie-hackers.appspot.com/product-avatars/builders/8Cah0qJCfoVBSTlVZQ5tEGiEs3P2,0,1,buildersxoff,2026-01,2026-04-10T10:39:54.343Z,2026-04-10T10:39:54.136Z,2026-04-10T10:54:38.146Z,8Cah0qJCfoVBSTlVZQ5tEGiEs3P2,"advertising,community,jobs-hiring,marketing,marketplaces,productivity,saas","advertising,free,subscription","bootstrapped,self",web,"commitment-side-project,employees-0,founders-code-yes,founders-solo,funding-bootstrapped,funding-self,platform-web,revenue-model-advertising,revenue-model-free,revenue-model-subscription,vertical-advertising,vertical-community,vertical-jobs-hiring,vertical-marketing,vertical-marketplaces,vertical-productivity,vertical-saas",2026-04-13T21:01:34.884Z
trackinv,TrackinV,Tracking your investments can't be easier.,"I originally started building TrackinV for myself. Many existing portfolio trackers came with relatively high subscription costs, and/or direct brokerages connections. I wanted something clean, easy setup and manual. ",https://www.indiehackers.com/product/trackinv,https://www.trackinv.com/,https://storage.googleapis.com/indie-hackers.appspot.com/product-avatars/trackinv/emHJHbgh5DOozChdvC8DxBTI4mM2,0,1,ThomasTrackinV,2025-09,2026-04-10T10:30:19.522Z,2026-04-10T10:30:20.696Z,2026-04-10T10:42:18.527Z,emHJHbgh5DOozChdvC8DxBTI4mM2,"finance,investing",subscription,self,web,"commitment-side-project,employees-under-10,founders-code-no,founders-solo,funding-self,platform-web,revenue-model-subscription,vertical-finance,vertical-investing",2026-04-13T21:01:34.884Z
flowly,Flowly,Finally know where your week went.,"I built Flowly because I was tired of switching between Todoist, Toggl, and Google Calendar just to answer one question: where did my week go?",https://www.indiehackers.com/product/flowly,https://flowly.run,https://storage.googleapis.com/indie-hackers.appspot.com/product-avatars/flowly/6nlJNlfG0Tc0Ehf5SEzqrS2soIV2,0,1,flowly,2026-03,2026-04-10T10:19:14.105Z,2026-04-10T10:19:13.993Z,2026-04-10T14:34:24.523Z,6nlJNlfG0Tc0Ehf5SEzqrS2soIV2,"analytics,b2c,calendar,productivity,task-management",subscription,self,web,"commitment-side-project,employees-0,founders-code-yes,founders-solo,funding-self,platform-web,revenue-model-subscription,vertical-analytics,vertical-b2c,vertical-calendar,vertical-productivity,vertical-task-management",2026-04-13T21:01:34.884Z
invoiceai,InvoiceAI,AI-powered invoicing for freelancers,"Freelancers waste hours on invoicing. I built InvoiceAI to generate professional invoices in seconds using AI, so freelancers can focus on their work and get paid faster.",https://www.indiehackers.com/product/invoiceai,https://invoiceai-xi.vercel.app,https://storage.googleapis.com/indie-hackers.appspot.com/product-avatars/invoiceai/RTNvcJSX5vhEYg27wKiHGEzq7pH3,0,1,,2026-03,2026-04-10T09:35:33.657Z,2026-04-10T09:35:32.788Z,2026-04-10T09:52:08.399Z,RTNvcJSX5vhEYg27wKiHGEzq7pH3,"ai,finance,productivity,saas",subscription,bootstrapped,web,"commitment-side-project,employees-0,founders-code-no,founders-solo,funding-bootstrapped,platform-web,revenue-model-subscription,vertical-ai,vertical-finance,vertical-productivity,vertical-saas",2026-04-13T21:01:34.884Z
tunesona,Tunesona,"AI Music Agent, AI Music Generator, AI Music Producer","Most AI music tools today feel very one-shot — you write a prompt, get a result, and then hit a wall when you want to refine or build on that idea.

As creators ourselves, we felt that gap. Making music isn’t just about ",https://www.indiehackers.com/product/tunesona,https://www.tunesona.com/,https://storage.googleapis.com/indie-hackers.appspot.com/product-avatars/tunesona/93XTWwbrefW6k2Y34GjRc1ZNwRw2,1000,1,tuneso,2025-12,2026-04-10T09:11:22.676Z,2026-04-10T09:11:22.529Z,2026-04-10T09:20:52.853Z,93XTWwbrefW6k2Y34GjRc1ZNwRw2,"ai,b2c,bots,music-audio",subscription,bootstrapped,"android,browser,desktop,ios,mac,mobile,pc,web","commitment-full-time,employees-under-10,founder-multi,founders-code-yes,funding-bootstrapped,platform-android,platform-browser,platform-desktop,platform-ios,platform-mac,platform-mobile,platform-pc,platform-web,revenue-model-subscription,vertical-ai,vertical-b2c,vertical-bots,vertical-music-audio",2026-04-13T21:01:34.884Z
prism-by-ssimplifi,Prism by Ssimplifi,One API for all AI model with intelligent routing & memory,The API calls for my various projects were getting too expensive. I wanted an alternative that could intelligently choose the correct model for the job. I added session memory and log to audit and improve the choices.,https://www.indiehackers.com/product/prism-by-ssimplifi,https://prism.ssimplifi.com,https://storage.googleapis.com/indie-hackers.appspot.com/product-avatars/prism-by-ssimplifi/zT2CRcRKTgXAg8qCoDC1oOM1dBh2,0,1,ravirdp,2026-03,2026-04-10T08:31:10.581Z,2026-04-10T08:31:10.414Z,2026-04-10T08:56:11.632Z,zT2CRcRKTgXAg8qCoDC1oOM1dBh2,"ai,apis",transactional,self,"desktop,ios,mac,pc,web","commitment-full-time,employees-under-10,founders-code-yes,founders-solo,funding-self,platform-desktop,platform-ios,platform-mac,platform-pc,platform-web,revenue-model-transactional,vertical-ai,vertical-apis",2026-04-13T21:01:34.884Z
centsense,CentSense,"Receipts, mileage, projects tax-ready in seconds, not hours","I built CentSense because every tax season I was digging through a shoebox of receipts, trying to remember which client that dinner was for and whether I could deduct that drive.",https://www.indiehackers.com/product/centsense,https://www.centsense.app/,https://storage.googleapis.com/indie-hackers.appspot.com/product-avatars/centsense/QjU1EwZjvdWrth6QbLOu2MKh0QG2,5,1,AskCentSense,2026-01,2026-04-10T08:21:23.322Z,2026-04-10T08:21:23.226Z,2026-04-10T08:36:51.248Z,QjU1EwZjvdWrth6QbLOu2MKh0QG2,"ai,finance,productivity","free,subscription",self,"android,desktop,ios,web","commitment-side-project,employees-0,founders-code-yes,founders-solo,funding-self,platform-android,platform-desktop,platform-ios,platform-web,revenue-model-free,revenue-model-subscription,vertical-ai,vertical-finance,vertical-productivity",2026-04-13T21:01:34.884Z
clientprofit,ClientProfit,Know which clients actually make you money.,"ClientProfit helps freelancers see which clients actually make them money and which ones waste their time, so they can decide who to keep, adjust pricing, and use real data in client conversations.",https://www.indiehackers.com/product/clientprofit,https://clientprofit.net/,https://storage.googleapis.com/indie-hackers.appspot.com/product-avatars/clientprofit/73g3UehesyaoNgn91WFyLUttbps2,0,1,ClientProfit,2026-03,2026-04-10T08:06:02.613Z,2026-04-10T08:06:03.217Z,2026-04-10T08:21:15.391Z,73g3UehesyaoNgn91WFyLUttbps2,"analytics,b2b,data,productivity,saas",subscription,bootstrapped,"mobile,web","commitment-side-project,employees-0,founders-code-no,founders-solo,funding-bootstrapped,platform-mobile,platform-web,revenue-model-subscription,vertical-analytics,vertical-b2b,vertical-data,vertical-productivity,vertical-saas",2026-04-13T21:01:34.884Z
supakonaiquiz-2,SupakonAIQuiz,The Global AI Knowledge Arena,"SupakonAIQuiz exists to make AI learning active, competitive, and measurable—so people can actually prove what they know, not just assume it.",https://www.indiehackers.com/product/supakonaiquiz-2,https://supakon.app,https://storage.googleapis.com/indie-hackers.appspot.com/product-avatars/supakonaiquiz-2/M06hQITxbXRPGyf2M0jmm8fIgSp2,0,1,,2026-03,2026-04-10T07:45:44.911Z,2026-04-10T07:45:46.287Z,2026-04-10T10:25:22.089Z,M06hQITxbXRPGyf2M0jmm8fIgSp2,"ai,community,content,education,growth,kids,professional-services,saas,utilities,writing",subscription,self,"desktop,pc,web","commitment-full-time,employees-0,founders-code-yes,founders-solo,funding-self,platform-desktop,platform-pc,platform-web,revenue-model-subscription,vertical-ai,vertical-community,vertical-content,vertical-education,vertical-growth,vertical-kids,vertical-professional-services,vertical-saas,vertical-utilities,vertical-writing",2026-04-13T21:01:34.884Z
sudorank,SudoRank,Hands-on challenges with real Linux VMs,I wanted a place where people can actually practice instead of just reading docs. So I built one.,https://www.indiehackers.com/product/sudorank,https://sudorank.com,https://storage.googleapis.com/indie-hackers.appspot.com/product-avatars/sudorank/ayOJ4ZDxePc99a989v8gftFYjL23,8,1,,2026-02,2026-04-10T06:34:03.464Z,2026-04-10T06:34:03.369Z,2026-04-10T06:55:24.123Z,ayOJ4ZDxePc99a989v8gftFYjL23,"education,programming,saas","free,subscription",self,"desktop,mac,pc,web","commitment-side-project,employees-0,founders-code-yes,founders-solo,funding-self,platform-desktop,platform-mac,platform-pc,platform-web,revenue-model-free,revenue-model-subscription,vertical-education,vertical-programming,vertical-saas",2026-04-13T21:01:34.884Z
project-planning-templates,Project Planning Templates,"Download practical, ready-to-use project planning templates",Project Planning Templates is a free online resource designed to simplify project management by providing a comprehensive collection of ready-to-use templates.,https://www.indiehackers.com/product/project-planning-templates,https://www.projectplanningtemplates.org,https://storage.googleapis.com/indie-hackers.appspot.com/product-avatars/project-planning-templates/7k1qSw5wRvRryyq5c1dpSVOUeAg2,100,1,,2026-01,2026-04-10T06:28:45.153Z,2026-04-10T06:28:44.725Z,2026-04-10T06:30:42.687Z,7k1qSw5wRvRryyq5c1dpSVOUeAg2,productivity,consulting,bootstrapped,web,"commitment-side-project,employees-under-10,founders-code-yes,founders-solo,funding-bootstrapped,platform-web,revenue-model-consulting,vertical-productivity",2026-04-13T21:01:34.884Z
waypoints,Waypoints,Build-in-public journal for indie makers,"I am building Waypoints because you want indie makers to have a dead-simple way to share what they ship, no friction, one click, post everywhere. ",https://www.indiehackers.com/product/waypoints,https://waypoints.fyi,https://storage.googleapis.com/indie-hackers.appspot.com/product-avatars/waypoints/6vnO1MMV65WCq8XmsGgbHpBl7Ll1,0,1,DropAWaypoint,2026-04,2026-04-10T06:19:11.689Z,2026-04-10T06:19:11.659Z,2026-04-10T06:28:44.823Z,6vnO1MMV65WCq8XmsGgbHpBl7Ll1,"productivity,saas,social-media",subscription,bootstrapped,web,"commitment-side-project,employees-0,founders-code-yes,founders-solo,funding-bootstrapped,platform-web,revenue-model-subscription,vertical-productivity,vertical-saas,vertical-social-media",2026-04-13T21:01:34.884Z
silkwave-voice,Silkwave Voice,AI Note Taker,"macOS 26 provides on-device speech recognition models, system audio capture, and AI summarization through Apple Intelligence. Silkwave Voice brings all of that together into one app: record, transcribe, and summarize.",https://www.indiehackers.com/product/silkwave-voice,https://www.silkwave.ai/silkwave-voice,https://storage.googleapis.com/indie-hackers.appspot.com/product-avatars/silkwave-voice/rUMUlIG4hmMbNTRT9kFLrZoLRtJ2,0,1,,2026-02,2026-04-10T05:56:37.862Z,2026-04-10T05:56:37.684Z,2026-04-10T06:42:31.281Z,rUMUlIG4hmMbNTRT9kFLrZoLRtJ2,"ai,productivity,utilities","free,transactional",self,mac,"commitment-full-time,employees-0,founders-code-yes,founders-solo,funding-self,platform-mac,revenue-model-free,revenue-model-transactional,vertical-ai,vertical-productivity,vertical-utilities",2026-04-13T21:01:34.884Z
billybox,BillyBox,"Collects invoices from email, exports ZIP for accountant","Every month I'd procrastinate looking for all the invoices in my email inboxes, saving them, making sure there were no duplicates, then zipping them up to send to my accountant. This gave me bad anxiety.",https://www.indiehackers.com/product/billybox,https://billybox.app,https://storage.googleapis.com/indie-hackers.appspot.com/product-avatars/billybox/LcdBp7M0ZdhYKKu3JfSb6d5AWLs1,0,1,,2025-12,2026-04-10T04:34:06.839Z,2026-04-10T04:34:06.461Z,2026-04-10T04:51:51.583Z,LcdBp7M0ZdhYKKu3JfSb6d5AWLs1,"ai,finance,productivity",subscription,self,"mobile,web","commitment-side-project,employees-0,founders-code-yes,founders-solo,funding-self,platform-mobile,platform-web,revenue-model-subscription,vertical-ai,vertical-finance,vertical-productivity",2026-04-13T21:01:34.884Z
kinksyncai,kinkSyncAI,Private couples compatibility quiz with AI-powered advice,Both partners independently answer a structured intimacy questionnaire. Neither sees the other's answers. The app computes compatibility scores across categories and generates personalized AI advice (Claude) to help coup,https://www.indiehackers.com/product/kinksyncai,https://kinksyncai.com/,https://storage.googleapis.com/indie-hackers.appspot.com/product-avatars/kinksyncai/uzcWHKms2tQiMhYeGIt6yVfKmgU2,0,1,,2026-01,2026-04-10T04:25:06.659Z,2026-04-10T04:25:06.538Z,2026-04-10T04:30:37.950Z,uzcWHKms2tQiMhYeGIt6yVfKmgU2,"ai,communication",transactional,self,web,"commitment-side-project,employees-0,founders-code-yes,founders-solo,funding-self,platform-web,revenue-model-transactional,vertical-ai,vertical-communication",2026-04-13T21:01:34.884Z
hiredfast-ai,HiredFast AI,AI-powered job search automation engine,"Four and a half months ago, I started building something I wish had existed years earlier.
It started with a conversation with my daughter about how tough the job market was in 2025. Something clicked and I built it!",https://www.indiehackers.com/product/hiredfast-ai,https://www.hiredfast.co,https://storage.googleapis.com/indie-hackers.appspot.com/product-avatars/hiredfast-ai/qoRx330FfhYUHkx3DC7NHOvreSC3,25,1,,2025-12,2026-04-10T04:22:44.815Z,2026-04-10T04:22:48.269Z,2026-04-10T04:53:30.968Z,qoRx330FfhYUHkx3DC7NHOvreSC3,"ai,b2c,jobs-hiring","free,subscription",self,"mobile,web","commitment-side-project,employees-0,founders-code-no,founders-solo,funding-self,platform-mobile,platform-web,revenue-model-free,revenue-model-subscription,vertical-ai,vertical-b2c,vertical-jobs-hiring,stripe-verified-revenue",2026-04-13T21:01:34.884Z
musiv-ai-music-video-generator,Musiv,Musiv - AI Music Video Generator,"Traditional music videos are expensive, slow, and skill-heavy. Many independent musicians and creators finish strong audio but never ship a matching visual—not because the music isn’t good, but because full production do",https://www.indiehackers.com/product/musiv-ai-music-video-generator,https://musiv.ai,https://storage.googleapis.com/indie-hackers.appspot.com/product-avatars/musiv-ai-music-video-generator/b56HsPQzH6eeP7Ed9UtSJKcrXX52,100,1,,2026-02,2026-04-10T04:09:49.236Z,2026-04-10T04:09:46.898Z,2026-04-10T04:15:05.115Z,b56HsPQzH6eeP7Ed9UtSJKcrXX52,ai,subscription,accelerator,web,"commitment-full-time,employees-under-10,founders-code-no,founders-solo,funding-accelerator,platform-web,revenue-model-subscription,vertical-ai",2026-04-13T21:01:34.884Z
audio-recorder,Audio Recorder,One‑click audio recorder for any browser tab.,"Our customers have been requested that we add an audio recording feature to our main product - AI Webcam Effects. However, as this product focuses on visual enhancements, we have designed a separate, lightweight plugin.",https://www.indiehackers.com/product/audio-recorder,https://chromewebstore.google.com/detail/kmjknihlphcclhfegkaeohghemeahppd,https://storage.googleapis.com/indie-hackers.appspot.com/product-avatars/audio-recorder/yDrbFdyC9VbfdBNF8yQTRVmHNrD2,0,1,,2025-05,2026-04-10T03:45:39.834Z,2026-04-10T03:45:39.693Z,2026-04-10T04:41:39.816Z,yDrbFdyC9VbfdBNF8yQTRVmHNrD2,"music-audio,utilities",free,self,"browser,web","commitment-full-time,employees-10-plus,founders-code-yes,founders-solo,funding-self,platform-browser,platform-web,revenue-model-free,vertical-music-audio,vertical-utilities",2026-04-13T21:01:34.884Z
mrrx,MRRX,Cancellation interception platform for Stripe,"I kept seeing SaaS founders lose subscribers without even trying to save them. No pause offer, no discount, no downgrade - just a confirmation modal and they're gone. Every founder knows they should build a cancellation ",https://www.indiehackers.com/product/mrrx,https://mrrx.app,https://storage.googleapis.com/indie-hackers.appspot.com/product-avatars/mrrx/g9LGAIcXUoSkuffBH0HujOtIPek1,0,1,,2026-01,2026-04-10T03:36:38.509Z,2026-04-10T03:36:39.875Z,2026-04-10T03:48:38.027Z,g9LGAIcXUoSkuffBH0HujOtIPek1,"apis,b2b,payments,saas,sales",subscription,seed,web,"commitment-side-project,employees-0,founders-code-yes,founders-solo,funding-seed,platform-web,revenue-model-subscription,vertical-apis,vertical-b2b,vertical-payments,vertical-saas,vertical-sales",2026-04-13T21:01:34.884Z
shopseek-ai,ShopSeek AI,"Welcome to ShopSeek AI, a modern product discovery platform","Our Mission

Our mission is to simplify product discovery by combining modern search technology with intelligent product suggestions.
",https://www.indiehackers.com/product/shopseek-ai,https://www.shopseek.app,https://storage.googleapis.com/indie-hackers.appspot.com/product-avatars/shopseek-ai/lHbCiuKJrrTzCX1khWUaZsIRzQD3,100,1,,2025-10,2026-04-10T03:20:33.934Z,2026-04-10T03:20:33.751Z,2026-04-10T03:33:53.167Z,lHbCiuKJrrTzCX1khWUaZsIRzQD3,"b2c,e-commerce,productivity,saas,shopping",subscription,bootstrapped,"android,desktop,ios,mac,mobile,pc,web","commitment-side-project,employees-10-plus,founders-code-yes,founders-solo,funding-bootstrapped,platform-android,platform-desktop,platform-ios,platform-mac,platform-mobile,platform-pc,platform-web,revenue-model-subscription,vertical-b2c,vertical-e-commerce,vertical-productivity,vertical-saas,vertical-shopping",2026-04-13T21:01:34.884Z
youplaysports,YouPlaySports,The easiest way to find people nearby to play pickup sports!,"I started working on YouPlaySports because I realized how difficult it is to consistently find people to play sports with in real life, especially pickup games.",https://www.indiehackers.com/product/youplaysports,https://www.youplaysportsapp.com/,https://storage.googleapis.com/indie-hackers.appspot.com/product-avatars/youplaysports/NBxA4FnmgISruU4bB4TkjEmllxg2,0,1,,2025-01,2026-04-10T01:28:19.714Z,2026-04-10T01:28:19.592Z,2026-04-10T01:39:06.944Z,NBxA4FnmgISruU4bB4TkjEmllxg2,"community,sports","advertising,subscription",bootstrapped,"ios,mobile","commitment-side-project,employees-0,founders-code-yes,founders-solo,funding-bootstrapped,platform-ios,platform-mobile,revenue-model-advertising,revenue-model-subscription,vertical-community,vertical-sports",2026-04-13T21:01:34.884Z
carbon-footprint-estimator-api,Carbon Footprint Estimator Api,"Environment, Data, Climate change, Greenhouse, Emissions,","I'm a solo developer from the Philippines with some few background, no funding, and no team.
I sold my laptop to fund my dream of building something that matters.
I didn't start with code. I started with a question: ",https://www.indiehackers.com/product/carbon-footprint-estimator-api,https://rapidapi.com/vjavvy/api/carbon-footprint-estimator-scope-1-2-3-glec-v3-iso-14083,https://storage.googleapis.com/indie-hackers.appspot.com/product-avatars/carbon-footprint-estimator-api/7VRbqnu7UtSmbX2ww4nzedmDXk52,0,1,,2026-03,2026-04-10T01:23:59.072Z,2026-04-10T01:23:59.468Z,2026-04-10T01:33:58.449Z,7VRbqnu7UtSmbX2ww4nzedmDXk52,"agriculture,analytics,apis,b2b,b2c,biotechnology,e-commerce,energy,saas,science-engineering,weather","free,subscription",self,"android,browser,desktop,ios,mac,mobile,pc,web","commitment-side-project,employees-0,founders-code-yes,founders-solo,funding-self,platform-android,platform-browser,platform-desktop,platform-ios,platform-mac,platform-mobile,platform-pc,platform-web,revenue-model-free,revenue-model-subscription,vertical-agriculture,vertical-analytics,vertical-apis,vertical-b2b,vertical-b2c,vertical-biotechnology,vertical-e-commerce,vertical-energy,vertical-saas,vertical-science-engineering,vertical-weather",2026-04-13T21:01:34.884Z
null0,null0,The AI assistant that knows you,"I’m building null0 because every important reply needs context. Generic AI can write, but it doesn’t know my style or relationships. null0 learns how I communicate.",https://www.indiehackers.com/product/null0,https://www.null0.ai/,https://storage.googleapis.com/indie-hackers.appspot.com/product-avatars/null0/wWfcbbEUNgRBjaPgGzOqIT7Q5Dt2,0,1,amaar_codes,2026-02,2026-04-10T00:51:06.052Z,2026-04-10T00:51:05.960Z,2026-04-10T01:08:55.015Z,wWfcbbEUNgRBjaPgGzOqIT7Q5Dt2,"ai,communication,productivity,saas,writing",subscription,bootstrapped,"desktop,mac","commitment-full-time,employees-0,founders-code-yes,founders-solo,funding-bootstrapped,platform-desktop,platform-mac,revenue-model-subscription,vertical-ai,vertical-communication,vertical-productivity,vertical-saas,vertical-writing",2026-04-13T21:01:34.884Z
vibeshare,Vibeshare,A free platform that promotes apps on TikTok & Youtube,"I built VibeShare because I wanted startups to access a new user base through Youtube and Tiktok. There is a lot of untapped potential when marketing through those channels, but nobody is using them.",https://www.indiehackers.com/product/vibeshare,https://www.vibeshare.tech,https://storage.googleapis.com/indie-hackers.appspot.com/product-avatars/vibeshare/oEZR0YpVS5SeZirf8syIceN3Ghx1,0,1,,2026-02,2026-04-10T00:01:56.081Z,2026-04-10T00:01:56.014Z,2026-04-10T00:19:55.770Z,oEZR0YpVS5SeZirf8syIceN3Ghx1,"analytics,b2b,b2c,community,content,movies-video,saas,social-media,wearables,web3",free,bootstrapped,desktop,"commitment-side-project,employees-0,founder-multi,founders-code-yes,funding-bootstrapped,platform-desktop,revenue-model-free,vertical-analytics,vertical-b2b,vertical-b2c,vertical-community,vertical-content,vertical-movies-video,vertical-saas,vertical-social-media,vertical-wearables,vertical-web3",2026-04-13T21:01:34.884Z
shipfast-ai,ShipFast- Ai,Next.js 14 boilerplate for AI SaaS,"Built this after seeing too many devs waste weeks setting up the same stack from scratch. ShipFast AI includes:
‎- Next.js 14 + Tailwind CSS + shadcn/ui
‎- AI text generation (OpenAI-ready)
‎- User auth system
‎- Stripe ",https://www.indiehackers.com/product/shipfast-ai,https://lumiinett.gumroad.com/l/opjlpd,https://storage.googleapis.com/indie-hackers.appspot.com/product-avatars/shipfast-ai/TiwSGRMptNVOzwADVcCZ4ylBvfn1,500,1,,2026-02,2026-04-09T22:12:25.121Z,2026-04-09T22:12:24.408Z,2026-04-09T22:23:40.640Z,TiwSGRMptNVOzwADVcCZ4ylBvfn1,"b2b,b2c,finance,saas,sales","subscription,transactional","seed,self",web,"commitment-full-time,employees-under-10,founders-code-yes,founders-solo,funding-seed,funding-self,platform-web,revenue-model-subscription,revenue-model-transactional,vertical-b2b,vertical-b2c,vertical-finance,vertical-saas,vertical-sales",2026-04-13T21:01:34.884Z
portally,Portally,Client portal for solo coaches,"I read 300+ negative reviews of coaching software on G2 and Capterra. Same complaint: clients find it confusing. 232,000 coaches in the US, 70% solo. Zero tools built for them. Portally fixes that.",https://www.indiehackers.com/product/portally,https://portally.co,https://storage.googleapis.com/indie-hackers.appspot.com/product-avatars/portally/LDantXRH4eNMYXMXOb6WnF3nSAc2,0,1,,2026-03,2026-04-09T21:35:13.625Z,2026-04-09T21:35:11.449Z,2026-04-09T21:45:09.657Z,LDantXRH4eNMYXMXOb6WnF3nSAc2,"b2b,productivity,saas","commission,free,subscription",bootstrapped,web,"commitment-full-time,employees-0,founders-code-yes,founders-solo,funding-bootstrapped,platform-web,revenue-model-commission,revenue-model-free,revenue-model-subscription,vertical-b2b,vertical-productivity,vertical-saas,stripe-verified-revenue",2026-04-13T21:01:34.884Z
sdrboost,SDRBoost,Gamified Training Platform for SDRs and BDRs.,"We created SDRBoost to make pre-sales training more interactive, practical, and engaging. Through game-based learning, we help teams build real skills faster at scale.",https://www.indiehackers.com/product/sdrboost,https://www.sdrboost.com.br/,https://storage.googleapis.com/indie-hackers.appspot.com/product-avatars/sdrboost/ddk0WQhNkoYDcWGhDvUR35tMBQ32,4,1,sdrboost,2026-01,2026-04-09T19:46:24.171Z,2026-04-09T19:46:24.042Z,2026-04-09T19:59:36.894Z,ddk0WQhNkoYDcWGhDvUR35tMBQ32,"b2b,b2c,games,saas,sales","commission,consulting,partnerships",self,"desktop,mac,mobile,pc,web","commitment-full-time,employees-0,founders-code-yes,founders-solo,funding-self,platform-desktop,platform-mac,platform-mobile,platform-pc,platform-web,revenue-model-commission,revenue-model-consulting,revenue-model-partnerships,vertical-b2b,vertical-b2c,vertical-games,vertical-saas,vertical-sales,stripe-verified-revenue",2026-04-13T21:01:34.884Z
epos-ai,EPOS-AI,AI writing studio for fiction authors and journalists,After publishing 12 books I was frustrated that every AI writing tool was built for marketers. None could remember my characters across chapters or check consistency in a 300-page manuscript. So I built EPOS-AI.,https://www.indiehackers.com/product/epos-ai,https://epos-ai.ch/en,https://storage.googleapis.com/indie-hackers.appspot.com/product-avatars/epos-ai/VOums8mAioR0ADe2jRDiBs90zDo1,0,1,,2026-01,2026-04-09T19:45:23.513Z,2026-04-09T19:45:23.305Z,2026-04-09T19:57:19.048Z,VOums8mAioR0ADe2jRDiBs90zDo1,"ai,books,productivity,saas,writing",subscription,bootstrapped,web,"commitment-full-time,employees-under-10,founders-code-yes,founders-solo,funding-bootstrapped,platform-web,revenue-model-subscription,vertical-ai,vertical-books,vertical-productivity,vertical-saas,vertical-writing",2026-04-13T21:01:34.884Z
notetask,Notetask,editor windows linux todo encryption notes tasks plaintext,"A simple application for creating and organizing task lists, offering essential features for efficient task management, similar to Notepad in its simplicity and functionality. ",https://www.indiehackers.com/product/notetask,https://plaintool.github.io/notetask/,https://storage.googleapis.com/indie-hackers.appspot.com/product-avatars/notetask/BK5Dm993bzT7YahF6HiTqW4j5Ya2,0,1,,2024-09,2026-04-09T18:59:22.148Z,2026-04-09T18:59:22.133Z,2026-04-09T19:07:09.487Z,BK5Dm993bzT7YahF6HiTqW4j5Ya2,"open-source,productivity",free,donations,desktop,"commitment-side-project,employees-0,founders-code-yes,founders-solo,funding-donations,platform-desktop,revenue-model-free,vertical-open-source,vertical-productivity",2026-04-13T21:01:34.884Z
buildfield,Buildfield,Invoicing and payment tracking for self-employed contractors,"I saw a contractor running his whole business from a Notes app and Excel. Buildfield fixes that: it helps contractors and trade workers quote more easily, send invoices and track payments. ",https://www.indiehackers.com/product/buildfield,https://buildfield.io,https://storage.googleapis.com/indie-hackers.appspot.com/product-avatars/buildfield/6ZjMOg5f5tTKY8xFGf76Eil2M5m1,0,1,,2025-11,2026-04-09T18:59:20.900Z,2026-04-09T18:59:19.542Z,2026-04-09T19:13:50.735Z,6ZjMOg5f5tTKY8xFGf76Eil2M5m1,"b2b,finance,saas",subscription,self,"desktop,mobile","commitment-side-project,employees-0,founders-code-no,founders-solo,funding-self,platform-desktop,platform-mobile,revenue-model-subscription,vertical-b2b,vertical-finance,vertical-saas",2026-04-13T21:01:34.884Z
torg,Torg,Computer science learning platform,"Most platforms train coding syntax and patterns, not real problem-solving. Torg exists to develop deeper computer science thinking through structured problems focused on reasoning, systems, and trade-offs.",https://www.indiehackers.com/product/torg,https://torg.dev,https://storage.googleapis.com/indie-hackers.appspot.com/product-avatars/torg/Dhx6IJLJRYV3TOBxcURY4qN5TiF2,0,1,,2026-02,2026-04-09T18:52:28.269Z,2026-04-09T18:52:28.161Z,2026-04-10T17:09:32.025Z,Dhx6IJLJRYV3TOBxcURY4qN5TiF2,"ai,education,programming,saas",subscription,self,web,"commitment-side-project,employees-0,founders-code-yes,founders-solo,funding-self,platform-web,revenue-model-subscription,vertical-ai,vertical-education,vertical-programming,vertical-saas",2026-04-13T21:01:34.884Z
qualion,Qualion,Smart quality assurance for documents /professional workfows,"After building DocSafe, I kept hearing the same request from users: they didn't just want clean documents they wanted consistent, reliable processes. Teams waste hours doing repetitive quality reviews manually. ",https://www.indiehackers.com/product/qualion,https://www.mindorion.com/qualion,https://storage.googleapis.com/indie-hackers.appspot.com/product-avatars/qualion/K1uVuPC67YcAc7UtFuy9G6M6uvv1,0,1,,2026-04,2026-04-09T18:45:46.581Z,2026-04-09T18:45:44.364Z,2026-04-09T19:13:22.787Z,K1uVuPC67YcAc7UtFuy9G6M6uvv1,"ai,b2b,productivity,professional-services,saas,writing",subscription,self,web,"commitment-side-project,employees-0,founders-code-yes,founders-solo,funding-self,platform-web,revenue-model-subscription,vertical-ai,vertical-b2b,vertical-productivity,vertical-professional-services,vertical-saas,vertical-writing",2026-04-13T21:01:34.884Z
dispatch-2,Dispatch,All Your Webhooks. One Place.,"Webhooks are the backbone of modern integrations, but managing them is a mess no visibility, no retries, no filtering. I built Dispatch so developers and teams can route, transform, and deliver webhooks reliably withou",https://www.indiehackers.com/product/dispatch-2,https://dispatch.tech,https://storage.googleapis.com/indie-hackers.appspot.com/product-avatars/dispatch-2/YxBRtvrqGxVowcrT3ZUn5azp5WI2,100,1,,2026-03,2026-04-09T18:42:23.992Z,2026-04-09T18:42:23.893Z,2026-04-09T18:48:58.909Z,"6l56PaPf6hTnDPVF4OOlCaAxDEw2,YxBRtvrqGxVowcrT3ZUn5azp5WI2","ai,apis,productivity,programming,saas",subscription,self,web,"commitment-full-time,employees-under-10,founder-multi,founders-code-yes,funding-self,platform-web,revenue-model-subscription,vertical-ai,vertical-apis,vertical-productivity,vertical-programming,vertical-saas",2026-04-13T21:01:34.884Z
heho,HeHo,The AI-Powered Backend Orchestrator,"HeHo is an AI-powered platform that lets you build, deploy, and scale intelligent chatbots, autonomous backends, and custom APIs in minutes. With seamless database integration and minimal setup, it enables real-time data",https://www.indiehackers.com/product/heho,https://heho.vercel.app/,https://storage.googleapis.com/indie-hackers.appspot.com/product-avatars/heho/eWTbtEpDMMaLZSDGS8tWsf1Iurm1,0,1,,2025-12,2026-04-09T18:33:30.553Z,2026-04-09T18:33:30.202Z,2026-04-09T18:36:01.794Z,eWTbtEpDMMaLZSDGS8tWsf1Iurm1,"ai,b2b",free,self,web,"commitment-side-project,employees-under-10,founder-multi,founders-code-yes,funding-self,platform-web,revenue-model-free,vertical-ai,vertical-b2b",2026-04-13T21:01:34.884Z
invoicekaro,InvoiceKaro,"Free GST Invoice Generator India (No signup, instant)","InvoiceKaro is a simple GST invoice generator built for Indian freelancers and small businesses.

It supports CGST, SGST, and IGST calculations and works instantly without requiring signup.

You can create professional i",https://www.indiehackers.com/product/invoicekaro,https://invoice-tool-nine-plum.vercel.app/,https://storage.googleapis.com/indie-hackers.appspot.com/product-avatars/invoicekaro/FUzetMg3b0TaM5wKso4UTJQFPNB3,10,1,,2026-01,2026-04-09T18:14:04.256Z,2026-04-09T18:14:04.767Z,2026-04-10T05:30:38.652Z,FUzetMg3b0TaM5wKso4UTJQFPNB3,"analytics,b2b,b2c,finance,payments,saas",free,self,web,"commitment-full-time,employees-0,founders-code-yes,founders-solo,funding-self,platform-web,revenue-model-free,vertical-analytics,vertical-b2b,vertical-b2c,vertical-finance,vertical-payments,vertical-saas",2026-04-13T21:01:35.534Z
lapse,Lapse,Watch your entire life tick by on every new tab,"I care a lot about how things look on my laptop and my new tab page was always bothering me. I wanted an age counter but none of the options I found actually had much customization or looked good, so I built my own!",https://www.indiehackers.com/product/lapse,https://lapse.oakstudio.app,https://storage.googleapis.com/indie-hackers.appspot.com/product-avatars/lapse/1jkefyXZywfc5dcV59HxNXhywHy1,0,1,,2026-04,2026-04-09T18:01:03.033Z,2026-04-09T18:01:02.850Z,2026-04-09T18:23:08.972Z,1jkefyXZywfc5dcV59HxNXhywHy1,design,free,bootstrapped,"browser,desktop,mac,pc,web","commitment-side-project,employees-0,founders-code-yes,founders-solo,funding-bootstrapped,platform-browser,platform-desktop,platform-mac,platform-pc,platform-web,revenue-model-free,vertical-design",2026-04-13T21:01:35.534Z
learnbuilder,LearnBuilder,Build e-learning that learners actually remember.,"I'm an instructional designer with 15+ years of experience, LearnBuilder was built out of frustration with tools that optimise for clicks and completion rates while ignoring what happens in learners' heads.",https://www.indiehackers.com/product/learnbuilder,https://learnbuilder.org,https://storage.googleapis.com/indie-hackers.appspot.com/product-avatars/learnbuilder/Ua2vttZ4H9QDh2ezEPnUSiYLqC02,0,1,LearnBuilder_,2026-03,2026-04-09T17:38:02.699Z,2026-04-09T17:38:02.558Z,2026-04-10T04:29:08.209Z,Ua2vttZ4H9QDh2ezEPnUSiYLqC02,"ai,education,productivity","free,subscription",self,web,"commitment-side-project,employees-0,founders-code-yes,founders-solo,funding-self,platform-web,revenue-model-free,revenue-model-subscription,vertical-ai,vertical-education,vertical-productivity",2026-04-13T21:01:35.534Z
swift-living,Swift Living,Premium Turnkey Shopify Brand | Home & Kitchen Niche,"To create a premium, high-converting home brand that's ready for immediate launch. I built the entire infrastructure to help entrepreneurs skip the design phase and jump straight to scaling.",https://www.indiehackers.com/product/swift-living,https://swiftlivingofficial.compassword:swiftlivingofficial,https://storage.googleapis.com/indie-hackers.appspot.com/product-avatars/swift-living/JZAQIl5qWyTHJ8hB7HiuJz7FdEU2,0,1,,2026-03,2026-04-09T17:29:50.861Z,2026-04-09T17:29:49.160Z,2026-04-09T17:44:09.696Z,JZAQIl5qWyTHJ8hB7HiuJz7FdEU2,"b2b,b2c,data,design,e-commerce,email-marketing,finance,growth,home-automation,investing,marketing,marketplaces,productivity,saas,sales,shopping,social-media","advertising,transactional",bootstrapped,,"commitment-full-time,employees-0,founders-code-no,founders-solo,funding-bootstrapped,revenue-model-advertising,revenue-model-transactional,vertical-b2b,vertical-b2c,vertical-data,vertical-design,vertical-e-commerce,vertical-email-marketing,vertical-finance,vertical-growth,vertical-home-automation,vertical-investing,vertical-marketing,vertical-marketplaces,vertical-productivity,vertical-saas,vertical-sales,vertical-shopping,vertical-social-media",2026-04-13T21:01:35.534Z
storycut,StoryCut,Caption any video in seconds.,I don't like to install capcut just to do captions ,https://www.indiehackers.com/product/storycut,https://autocaption-web-production.up.railway.app/,https://storage.googleapis.com/indie-hackers.appspot.com/product-avatars/storycut/PAr9sEGq8Eajpmhm8ojZZeEjnlV2,0,1,,2026-04,2026-04-09T16:01:11.892Z,2026-04-09T16:01:11.390Z,2026-04-09T16:04:27.766Z,PAr9sEGq8Eajpmhm8ojZZeEjnlV2,"advertising,marketing,movies-video,podcasting,saas",subscription,self,"android,desktop,ios,mac,mobile,pc,web","commitment-side-project,employees-0,founders-code-yes,founders-solo,funding-self,platform-android,platform-desktop,platform-ios,platform-mac,platform-mobile,platform-pc,platform-web,revenue-model-subscription,vertical-advertising,vertical-marketing,vertical-movies-video,vertical-podcasting,vertical-saas",2026-04-13T21:01:35.534Z
avooq,Avooq,Make any novel you can imagine,"The literary market is vast but rarely delivers exactly what a reader wants. Avooq exists to close that gap — describe the story you want and have it instantly, written to your exact taste.
",https://www.indiehackers.com/product/avooq,https://avooq.es,https://storage.googleapis.com/indie-hackers.appspot.com/product-avatars/avooq/z2LMRaqXrfOYQ5BKpsuEj3tgfOy1,179,1,JaimeMembiela,2025-11,2026-04-09T15:44:51.772Z,2026-04-09T15:44:51.653Z,2026-04-09T15:55:16.914Z,z2LMRaqXrfOYQ5BKpsuEj3tgfOy1,"ai,books,entertainment,saas",subscription,bootstrapped,"mobile,web","commitment-full-time,employees-under-10,founders-code-yes,founders-solo,funding-bootstrapped,platform-mobile,platform-web,revenue-model-subscription,vertical-ai,vertical-books,vertical-entertainment,vertical-saas",2026-04-13T21:01:35.534Z
logofolio,Logofolio,Curated gallery of the best logo designs.,"I'm a logo designer and if you've ever tried searching for logo inspiration on Dribbble, Behance or Pinterest you know the pain. Tons of duplicates, irrelevant stuff mixed in, and just overall noise that makes it hard to",https://www.indiehackers.com/product/logofolio,https://logofolio.com,https://storage.googleapis.com/indie-hackers.appspot.com/product-avatars/logofolio/fLk3VwZs3Mc0CWminyZI4ulHnx82,0,1,,2026-01,2026-04-09T15:43:53.718Z,2026-04-09T15:43:53.564Z,2026-04-09T15:47:57.965Z,fLk3VwZs3Mc0CWminyZI4ulHnx82,design,free,bootstrapped,web,"commitment-side-project,employees-under-10,founders-code-yes,founders-solo,funding-bootstrapped,platform-web,revenue-model-free,vertical-design",2026-04-13T21:01:35.534Z
gdpr-for-apps,GDPR For Apps,One-time payment privacy policy generator for indie devs,"I was tired of paying $10/month just to host a static legal document. Built this so indie devs can generate a proper privacy policy once and own it forever — no subscription, no vendor lock-in.",https://www.indiehackers.com/product/gdpr-for-apps,https://gdprforapps.com,https://storage.googleapis.com/indie-hackers.appspot.com/product-avatars/gdpr-for-apps/As8HqQUwFYPEHmK8LWjipFNkiLk2,0,1,,2026-04,2026-04-09T15:28:58.736Z,2026-04-09T15:28:58.657Z,2026-04-09T15:37:17.857Z,As8HqQUwFYPEHmK8LWjipFNkiLk2,"communication,data,e-commerce,email-marketing,kids,legal,marketing,marketplaces,privacy-security,sales,shopping",transactional,self,web,"commitment-side-project,employees-0,founders-code-yes,founders-solo,funding-self,platform-web,revenue-model-transactional,vertical-communication,vertical-data,vertical-e-commerce,vertical-email-marketing,vertical-kids,vertical-legal,vertical-marketing,vertical-marketplaces,vertical-privacy-security,vertical-sales,vertical-shopping",2026-04-13T21:01:35.534Z
nvsn-ai,Nvsn.ai,Stop guessing what your ad data means—know what to do next,I built this to help people understand what their ad data actually means—so they can stop wasting money and start making smarter decisions.,https://www.indiehackers.com/product/nvsn-ai,http://www.nvsn.ai,https://storage.googleapis.com/indie-hackers.appspot.com/product-avatars/nvsn-ai/j27mhInU5AblsGq6R5dvfJWKqBh2,0,1,nvsn_ai,2025-08,2026-04-09T14:54:54.490Z,2026-04-09T14:54:54.329Z,2026-04-09T19:08:56.673Z,j27mhInU5AblsGq6R5dvfJWKqBh2,"advertising,ai,analytics,b2b,b2c,data,e-commerce,marketing,saas",subscription,self,"desktop,mac,pc,web","commitment-full-time,employees-0,founders-code-no,founders-solo,funding-self,platform-desktop,platform-mac,platform-pc,platform-web,revenue-model-subscription,vertical-advertising,vertical-ai,vertical-analytics,vertical-b2b,vertical-b2c,vertical-data,vertical-e-commerce,vertical-marketing,vertical-saas",2026-04-13T21:01:35.534Z
ekcho,Ekcho,Real voices without real names,"I built Ekcho because I kept noticing that people edit themselves into irrelevance online. The moment your name is visible, you stop speaking and start performing. ",https://www.indiehackers.com/product/ekcho,https://ekcho.net,https://storage.googleapis.com/indie-hackers.appspot.com/product-avatars/ekcho/HZHF6vI1qFT4H0Bak9qu9UY8eKW2,0,1,ekchobheard,2026-01,2026-04-09T14:25:54.639Z,2026-04-09T14:25:54.406Z,2026-04-10T09:36:59.459Z,HZHF6vI1qFT4H0Bak9qu9UY8eKW2,"communication,community,content,events,music-audio,privacy-security,saas,social-media,writing","free,subscription","bootstrapped,self","android,desktop,ios,mac,mobile,pc,web","commitment-side-project,employees-0,founders-code-yes,founders-solo,funding-bootstrapped,funding-self,platform-android,platform-desktop,platform-ios,platform-mac,platform-mobile,platform-pc,platform-web,revenue-model-free,revenue-model-subscription,vertical-communication,vertical-community,vertical-content,vertical-events,vertical-music-audio,vertical-privacy-security,vertical-saas,vertical-social-media,vertical-writing",2026-04-13T21:01:35.534Z
toqn-dev,toqn.dev,The missing analytics layer for AI-assisted developers.,"I build with coding agents every day and kept feeling like I had
no idea where my tokens actually went. I could see the bill, but
I couldn't see what I got for it, which prompts turned into
committed code, which models ",https://www.indiehackers.com/product/toqn-dev,https://toqn.dev,https://storage.googleapis.com/indie-hackers.appspot.com/product-avatars/toqn-dev/lTEgZCsjrhe9BJp6JQxXmMI4jBh2,0,1,,2026-03,2026-04-09T14:13:42.540Z,2026-04-09T14:13:42.280Z,2026-04-09T14:54:27.917Z,lTEgZCsjrhe9BJp6JQxXmMI4jBh2,ai,free,self,desktop,"commitment-side-project,employees-0,founders-code-yes,founders-solo,funding-self,platform-desktop,revenue-model-free,vertical-ai",2026-04-13T21:01:35.534Z
supportlayer,SupportLayer,Stop losing track. Start owning your queue.,I built SupportLayer because I kept running into the same problem: the helpdesk tools worth using lock their best features behind expensive tiers that small teams can't justify.,https://www.indiehackers.com/product/supportlayer,https://www.supportlayer.app,https://storage.googleapis.com/indie-hackers.appspot.com/product-avatars/supportlayer/Xilh4Rsyp4e4D9UGMW9YkkTHdh03,0,1,,2026-01,2026-04-09T14:04:46.486Z,2026-04-09T14:04:46.321Z,2026-04-11T07:51:33.769Z,Xilh4Rsyp4e4D9UGMW9YkkTHdh03,"apis,communication,productivity,saas,task-management,utilities","free,subscription",bootstrapped,"mobile,web","commitment-full-time,employees-under-10,founders-code-yes,founders-solo,funding-bootstrapped,platform-mobile,platform-web,revenue-model-free,revenue-model-subscription,vertical-apis,vertical-communication,vertical-productivity,vertical-saas,vertical-task-management,vertical-utilities",2026-04-13T21:01:35.535Z
selira-ai,Selira AI,AI Companion Platform with free unlimited chat,"Explaining ""AI girlfriend platform"" at family dinners keeps life interesting. On top, a massive market, lazy incumbents, ugly apps charging $50/month for basic chat. So I built something better. ",https://www.indiehackers.com/product/selira-ai,https://selira.ai,https://storage.googleapis.com/indie-hackers.appspot.com/product-avatars/selira-ai/rNbdxSy19tUb6jEACOBbMqI2gm23,8000,1,,2026-01,2026-04-09T14:01:06.756Z,2026-04-09T14:01:06.691Z,2026-04-09T14:10:13.222Z,rNbdxSy19tUb6jEACOBbMqI2gm23,ai,"subscription,transactional",bootstrapped,"desktop,mac,mobile,pc,web","commitment-full-time,employees-under-10,founders-code-yes,founders-solo,funding-bootstrapped,platform-desktop,platform-mac,platform-mobile,platform-pc,platform-web,revenue-model-subscription,revenue-model-transactional,vertical-ai",2026-04-13T21:01:35.535Z
roastmylanding,RoastMyLanding,Brutal AI diagnosis of your landing page conversions,"I built RoastMyLanding because founder feedback is too polite. I wanted to give makers a cynical AI ""CRO expert"" to stress-test their page in 30 seconds, find friction points, and stop guessing.",https://www.indiehackers.com/product/roastmylanding,https://roastmylanding.vercel.app/,https://storage.googleapis.com/indie-hackers.appspot.com/product-avatars/roastmylanding/We5SaLaI4YcigUO5Ld1suuni7ff2,5,1,AyeshaBuilds,2026-04,2026-04-09T13:54:14.082Z,2026-04-09T13:54:12.317Z,2026-04-11T12:20:30.211Z,We5SaLaI4YcigUO5Ld1suuni7ff2,"ai,b2b,cro,design,e-commerce,growth,marketing,productivity,saas",transactional,bootstrapped,web,"commitment-side-project,employees-0,founders-code-yes,founders-solo,funding-bootstrapped,platform-web,revenue-model-transactional,vertical-ai,vertical-b2b,vertical-cro,vertical-design,vertical-e-commerce,vertical-growth,vertical-marketing,vertical-productivity,vertical-saas",2026-04-13T21:01:35.535Z
tsdevstack,tsdevstack,Infrastructure as Framework for TypeScript microservices,"TypeScript apps hold fewer surprises than wiring up Terraform, gateways, secrets, CI/CD, and observability for every project. tsdevstack is the framework I built to automatically manage that part.",https://www.indiehackers.com/product/tsdevstack,https://tsdevstack.dev,https://storage.googleapis.com/indie-hackers.appspot.com/product-avatars/tsdevstack/pafhKcLM45QxjIwWFxDgqlZRdm23,0,1,tsdevstack,2025-08,2026-04-09T13:37:38.105Z,2026-04-09T13:37:38.039Z,2026-04-09T14:00:57.992Z,pafhKcLM45QxjIwWFxDgqlZRdm23,"apis,b2b,open-source,productivity,programming",free,self,web,"commitment-side-project,employees-0,founders-code-yes,founders-solo,funding-self,platform-web,revenue-model-free,vertical-apis,vertical-b2b,vertical-open-source,vertical-productivity,vertical-programming",2026-04-13T21:01:35.535Z
cofy-cat,Cofy Cat,Your Purr-fect Brewing Buddy,"The name plays on being a “copy cat” of community favorites and award-winning recipes, while also letting you share your own discoveries with fellow coffee enthusiasts.",https://www.indiehackers.com/product/cofy-cat,https://cofycat.com,https://storage.googleapis.com/indie-hackers.appspot.com/product-avatars/cofy-cat/L1xjRjLh2vc8J3aGL8ohEDSIQD12,0,1,,2025-09,2026-04-09T13:15:25.747Z,2026-04-09T13:15:25.708Z,2026-04-09T13:21:14.397Z,L1xjRjLh2vc8J3aGL8ohEDSIQD12,"b2b,b2c,community,content,food-drinks,health-fitness",free,self,"ios,mac","commitment-side-project,employees-0,founders-code-yes,founders-solo,funding-self,platform-ios,platform-mac,revenue-model-free,vertical-b2b,vertical-b2c,vertical-community,vertical-content,vertical-food-drinks,vertical-health-fitness",2026-04-13T21:01:35.535Z
trustsms,TrustSMS,TrustSMS,Founder of TrustSMS,https://www.indiehackers.com/product/trustsms,https://trustsmss.com,https://storage.googleapis.com/indie-hackers.appspot.com/product-avatars/trustsms/LQl4D6oAtsbBWQ6zmPl88KD5jE63,0,1,,2025-03,2026-04-09T13:09:50.648Z,2026-04-09T13:09:48.074Z,2026-04-09T13:19:08.135Z,LQl4D6oAtsbBWQ6zmPl88KD5jE63,"apis,cryptocurrency,finance,programming,web3",commission,self,"android,desktop,ios,mac,mobile,pc,web","commitment-full-time,employees-under-10,founders-code-yes,founders-solo,funding-self,platform-android,platform-desktop,platform-ios,platform-mac,platform-mobile,platform-pc,platform-web,revenue-model-commission,vertical-apis,vertical-cryptocurrency,vertical-finance,vertical-programming,vertical-web3",2026-04-13T21:01:35.535Z
nextthing-for-gtd,NextThing for GTD,Cross-platform Getting Things Done task app,"Every GTD app is either a generic task list or stuck in 2015. I built the native, fast one that should have existed already. ",https://www.indiehackers.com/product/nextthing-for-gtd,https://nextthinggtd.com,https://storage.googleapis.com/indie-hackers.appspot.com/product-avatars/nextthing-for-gtd/gKmhity3sWRAZGdat0ZxMV2tomq1,0,1,,2025-06,2026-04-09T12:41:36.150Z,2026-04-09T12:41:37.328Z,2026-04-09T12:49:39.779Z,gKmhity3sWRAZGdat0ZxMV2tomq1,"productivity,task-management",subscription,self,"android,desktop,ios,mac,mobile,pc","commitment-side-project,employees-0,founders-code-yes,founders-solo,funding-self,platform-android,platform-desktop,platform-ios,platform-mac,platform-mobile,platform-pc,revenue-model-subscription,vertical-productivity,vertical-task-management",2026-04-13T21:01:35.535Z
pixel-school,Pixel School,Online Pixel Art Learning Platform,Many people have trouble getting started learning pixel art because they don't know where to start. I created a structured self guided course that teaches the right skills in the right order.,https://www.indiehackers.com/product/pixel-school,https://PixelSchool.org,https://storage.googleapis.com/indie-hackers.appspot.com/product-avatars/pixel-school/eYDfqi8EFhNkczbNxCYYnkuQmA52,7926,1,,2026-01,2026-04-09T12:40:04.400Z,2026-04-09T12:40:03.533Z,2026-04-09T12:50:12.123Z,eYDfqi8EFhNkczbNxCYYnkuQmA52,"art,education",transactional,self,web,"commitment-full-time,employees-0,founders-code-yes,founders-solo,funding-self,platform-web,revenue-model-transactional,vertical-art,vertical-education,stripe-verified-revenue",2026-04-13T21:01:35.535Z
botbye,BotBye,"Real-time bot protection, fraud prevention & risk scoring","Too many businesses lose money to bots and fraud simply because existing solutions are too expensive, too hard to integrate, or don't adapt to their specific needs. We wanted to change that. ",https://www.indiehackers.com/product/botbye,https://botbye.com/,https://storage.googleapis.com/indie-hackers.appspot.com/product-avatars/botbye/Ll4Wal60xuMNReiTJjoBebnUuw52,0,1,botbye,2023-11,2026-04-09T12:34:46.991Z,2026-04-09T12:34:46.868Z,2026-04-09T13:20:46.837Z,Ll4Wal60xuMNReiTJjoBebnUuw52,"analytics,apis,b2b,data,privacy-security,saas",subscription,bootstrapped,web,"commitment-full-time,employees-10-plus,founder-multi,founders-code-yes,funding-bootstrapped,platform-web,revenue-model-subscription,vertical-analytics,vertical-apis,vertical-b2b,vertical-data,vertical-privacy-security,vertical-saas",2026-04-13T21:01:35.535Z
herdquarters,HerdQuarters,Smart Livestock Management for Modern Ranchers,We use this app for ourselves and thought it would be useful to others who manage livestock herds.,https://www.indiehackers.com/product/herdquarters,https://herdquarters.com,https://storage.googleapis.com/indie-hackers.appspot.com/product-avatars/herdquarters/XrzlN9KXseOBCOdi4WAcxqvkvhd2,0,1,,2024-04,2026-04-09T12:14:13.546Z,2026-04-09T12:14:13.465Z,2026-04-09T12:22:44.442Z,XrzlN9KXseOBCOdi4WAcxqvkvhd2,agriculture,subscription,self,"android,ios,mobile,web","commitment-full-time,employees-under-10,founders-code-yes,founders-solo,funding-self,platform-android,platform-ios,platform-mobile,platform-web,revenue-model-subscription,vertical-agriculture",2026-04-13T21:01:35.535Z
global-company-search-api,Global Company Search API,Search 40+ countries' company registries in one API call,"Company verification across countries is broken. Enterprise platforms charge $100-2,000/month. Free tools only cover one country at a time. I built this because nobody should need an enterprise contract just to check if ",https://www.indiehackers.com/product/global-company-search-api,https://apify.com/lentic_clockss/global-company-search,https://storage.googleapis.com/indie-hackers.appspot.com/product-avatars/global-company-search-api/wCWU2nTw7IRY0X2uwqqIeR0UyPz2,0,1,,2026-03,2026-04-09T11:44:27.174Z,2026-04-09T11:44:26.940Z,2026-04-09T11:57:20.377Z,wCWU2nTw7IRY0X2uwqqIeR0UyPz2,"apis,b2b,data,finance,government,professional-services,saas",transactional,bootstrapped,web,"commitment-full-time,employees-0,founders-code-yes,founders-solo,funding-bootstrapped,platform-web,revenue-model-transactional,vertical-apis,vertical-b2b,vertical-data,vertical-finance,vertical-government,vertical-professional-services,vertical-saas,stripe-verified-revenue",2026-04-13T21:01:35.535Z
brikpanel,BrikPanel,Free WooCommerce admin dashboard — Metorik alternative,I built 1000+ WooCommerce stores for clients over 5 years. Every project meant paying $25-300/month for analytics tools that should have been built into WooCommerce from day one. After store #200 I stopped paying and sta,https://www.indiehackers.com/product/brikpanel,https://wordpress.org/plugins/brikpanel-admin-panel-dashboard-for-woocommerce/,https://storage.googleapis.com/indie-hackers.appspot.com/product-avatars/brikpanel/8VyhFprVgJeRtoKThPr05jV8iaE3,0,1,,2025-03,2026-04-09T10:13:41.828Z,2026-04-09T10:13:41.939Z,2026-04-09T10:17:31.608Z,8VyhFprVgJeRtoKThPr05jV8iaE3,"analytics,e-commerce,wordpress",free,bootstrapped,"browser,web","commitment-full-time,employees-0,founders-code-yes,founders-solo,funding-bootstrapped,platform-browser,platform-web,revenue-model-free,vertical-analytics,vertical-e-commerce,vertical-wordpress",2026-04-13T21:01:35.535Z
term-in,term-in,AI booking system,70% of salons in Germany still use paper calendars. Customers want to book at 11pm - but the salon is closed. I built term-in: AI chat that books appointments in 2 seconds.,https://www.indiehackers.com/product/term-in,https://term-in.app,https://storage.googleapis.com/indie-hackers.appspot.com/product-avatars/term-in/JgB7xNJ9IHay0mI2SmGkJsVNUl63,0,1,fursov_v,2026-01,2026-04-09T10:02:21.822Z,2026-04-09T10:02:21.587Z,2026-04-09T10:15:37.566Z,JgB7xNJ9IHay0mI2SmGkJsVNUl63,"ai,b2b,bots,calendar,marketing,productivity,saas",subscription,self,web,"commitment-full-time,employees-under-10,founders-code-yes,founders-solo,funding-self,platform-web,revenue-model-subscription,vertical-ai,vertical-b2b,vertical-bots,vertical-calendar,vertical-marketing,vertical-productivity,vertical-saas,stripe-verified-revenue",2026-04-13T21:01:35.535Z
testimonial-hunter,Testimonial Hunter,Search any agency. See every client they've worked with.,"Testimonial Hunter exists because while analyzing 100+ digital agencies I realized that testimonials, logos, case studies reveal a hidden, public map of who is already buying services i realised this data is scattered.",https://www.indiehackers.com/product/testimonial-hunter,https://www.inspireleven.com/testimonialhunter,https://storage.googleapis.com/indie-hackers.appspot.com/product-avatars/testimonial-hunter/r0kYbPFctLZmhZJDxr3JjGAUNos1,0,1,,2026-03,2026-04-09T09:45:24.974Z,2026-04-09T09:45:24.751Z,2026-04-09T09:53:45.425Z,r0kYbPFctLZmhZJDxr3JjGAUNos1,"advertising,ai,b2b,email-marketing,marketplaces,saas,sales","free,subscription","bootstrapped,self",web,"commitment-side-project,employees-0,founders-code-no,founders-solo,funding-bootstrapped,funding-self,platform-web,revenue-model-free,revenue-model-subscription,vertical-advertising,vertical-ai,vertical-b2b,vertical-email-marketing,vertical-marketplaces,vertical-saas,vertical-sales",2026-04-13T21:01:35.535Z
skarp,Skarp,Learning anything.,"Learning anything shouldn't require finding the right course. Skarp lets AI build one for you — with active recall, practice exams, and essay grading baked in — so you actually retain what you study.",https://www.indiehackers.com/product/skarp,https://www.skarp.app,https://storage.googleapis.com/indie-hackers.appspot.com/product-avatars/skarp/rDHJUy0qtANsDAlyWgxnygX8f7z1,0,1,,2025-10,2026-04-09T09:24:55.117Z,2026-04-09T09:24:55.034Z,2026-04-09T12:13:54.239Z,rDHJUy0qtANsDAlyWgxnygX8f7z1,"books,education,podcasting,productivity",subscription,bootstrapped,"desktop,ios","commitment-side-project,employees-under-10,founders-code-yes,founders-solo,funding-bootstrapped,platform-desktop,platform-ios,revenue-model-subscription,vertical-books,vertical-education,vertical-podcasting,vertical-productivity",2026-04-13T21:01:35.535Z
stocksanalyzer-app,StocksAnalyzer.app,Get an instant AI verdict on any stock.,"Our goal is to help users understand the state of any stock in seconds.

It acts as a powerful starting point, enabling users to quickly screen and filter stocks they are interested in.",https://www.indiehackers.com/product/stocksanalyzer-app,https://www.stocksanalyzer.app,https://storage.googleapis.com/indie-hackers.appspot.com/product-avatars/stocksanalyzer-app/Njlv8gPebSc0evRTb5mCMJPyN0D3,0,1,stocksanalyzer_,2026-02,2026-04-09T09:07:10.949Z,2026-04-09T09:07:11.375Z,2026-04-09T09:19:59.648Z,Njlv8gPebSc0evRTb5mCMJPyN0D3,"ai,analytics,investing,saas","free,subscription",self,"mobile,web","commitment-side-project,employees-0,founders-code-yes,founders-solo,funding-self,platform-mobile,platform-web,revenue-model-free,revenue-model-subscription,vertical-ai,vertical-analytics,vertical-investing,vertical-saas",2026-04-13T21:01:35.535Z
shortlist-2,Shortlist,Tool for locating/hiring new employees!,As a bootstrapping founder i continued to run into issues trying to hire new employees and grow my company. Either pay to use s recruiter of pay per job opening and both options are way too expensive. So I built shortlis,https://www.indiehackers.com/product/shortlist-2,https://shortlist-35.polsia.app,https://storage.googleapis.com/indie-hackers.appspot.com/product-avatars/shortlist-2/tAxiNmlwvUOcAgedEJBcUdOM6Z72,0,1,,2026-03,2026-04-09T09:04:57.485Z,2026-04-09T09:04:56.988Z,2026-04-09T09:17:08.632Z,tAxiNmlwvUOcAgedEJBcUdOM6Z72,"ai,growth,jobs-hiring,productivity,task-management",subscription,bootstrapped,"android,desktop,ios,mac,mobile,pc,web","commitment-side-project,employees-0,founders-code-no,founders-solo,funding-bootstrapped,platform-android,platform-desktop,platform-ios,platform-mac,platform-mobile,platform-pc,platform-web,revenue-model-subscription,vertical-ai,vertical-growth,vertical-jobs-hiring,vertical-productivity,vertical-task-management",2026-04-13T21:01:35.535Z
tikkamate-2,TikkaMate,AI chef for your kitchen,"We’re just a bunch of 15-year-olds in 10th standard, juggling boards, tuitions, and the constant fear that our parents might take away our devices any day.
Yet we built TikkaMate because we were genuinely tired of the sa",https://www.indiehackers.com/product/tikkamate-2,https://tikkamate.vercel.app,https://storage.googleapis.com/indie-hackers.appspot.com/product-avatars/tikkamate-2/dpLfsXfSxyfe7vTbbGcnBZmeTjA3,0,1,,2026-01,2026-04-09T08:52:38.426Z,2026-04-09T08:52:37.398Z,2026-04-09T08:59:05.173Z,dpLfsXfSxyfe7vTbbGcnBZmeTjA3,"ai,b2c,food-drinks,health-fitness,home-automation,saas",free,bootstrapped,"android,browser,desktop,ios,mac,mobile,pc,web","commitment-side-project,employees-0,founders-code-yes,founders-solo,funding-bootstrapped,platform-android,platform-browser,platform-desktop,platform-ios,platform-mac,platform-mobile,platform-pc,platform-web,revenue-model-free,vertical-ai,vertical-b2c,vertical-food-drinks,vertical-health-fitness,vertical-home-automation,vertical-saas",2026-04-13T21:01:35.535Z
idea-magnify,Idea Magnify,Validate your idea before wasting months.,"I built Idea Magnify because I noticed a huge problem most founders, developers, and creators face: we spend months building ideas that might not even work. That’s a lot of time, effort, and resources wasted.",https://www.indiehackers.com/product/idea-magnify,https://ideamagnify.com/,https://storage.googleapis.com/indie-hackers.appspot.com/product-avatars/idea-magnify/yTfpCDRmdNaWW3ZUbXQc8tlaueJ2,0,1,,2026-01,2026-04-09T08:38:27.356Z,2026-04-09T08:38:25.523Z,2026-04-09T08:42:51.670Z,yTfpCDRmdNaWW3ZUbXQc8tlaueJ2,"ai,apis,programming,saas","subscription,transactional",self,"mobile,web","commitment-side-project,employees-10-plus,founder-multi,founders-code-yes,funding-self,platform-mobile,platform-web,revenue-model-subscription,revenue-model-transactional,vertical-ai,vertical-apis,vertical-programming,vertical-saas",2026-04-13T21:01:35.535Z
happyhorse-ai,HappyHorse AI,AI video generator ranked #1 for consistency and quality,"HappyHorse AI exists to make AI video generation actually usable.
While new models are reaching top-tier quality and consistency, creators still struggle with real workflows.
We focus on turning cutting-edge video mode",https://www.indiehackers.com/product/happyhorse-ai,https://happyhorseai.site,https://storage.googleapis.com/indie-hackers.appspot.com/product-avatars/happyhorse-ai/oeDmhELzgyVZlo9VOOmUuNmTx0L2,0,1,,2026-04,2026-04-09T08:22:12.096Z,2026-04-09T08:22:11.785Z,2026-04-09T08:26:10.776Z,oeDmhELzgyVZlo9VOOmUuNmTx0L2,"ai,content,movies-video,productivity,programming,saas","free,subscription",self,web,"commitment-side-project,employees-0,founders-code-yes,founders-solo,funding-self,platform-web,revenue-model-free,revenue-model-subscription,vertical-ai,vertical-content,vertical-movies-video,vertical-productivity,vertical-programming,vertical-saas",2026-04-13T21:01:35.535Z
https-gemma4-site,gemma4 AI ,Open-source AI model playground with image & video generatio,"I kept running into the same problem while using AI tools — everything felt fragmented.
One tool for chat, another for image generation, another for video, and if you wanted to run models locally, it became even more co",https://www.indiehackers.com/product/https-gemma4-site,https://gemma4.site/,https://storage.googleapis.com/indie-hackers.appspot.com/product-avatars/https-gemma4-site/oeDmhELzgyVZlo9VOOmUuNmTx0L2,0,1,,2026-04,2026-04-09T08:14:03.178Z,2026-04-09T08:14:02.889Z,2026-04-09T08:21:06.064Z,oeDmhELzgyVZlo9VOOmUuNmTx0L2,"ai,content,movies-video,open-source,productivity,programming,saas","free,subscription",self,"desktop,ios,mac,mobile,pc,web","commitment-side-project,employees-0,founders-code-yes,founders-solo,funding-self,platform-desktop,platform-ios,platform-mac,platform-mobile,platform-pc,platform-web,revenue-model-free,revenue-model-subscription,vertical-ai,vertical-content,vertical-movies-video,vertical-open-source,vertical-productivity,vertical-programming,vertical-saas",2026-04-13T21:01:35.535Z
rationalgrid,RationalGrid,"An AI-powered shared grid to explore ideas deeply, map argum","RationalGrid transforms AI interaction into active, visual exploration. Ask a question and instead of a flat chat, every response becomes a node in a living knowledge graph. Branch into sub-questions, explore pros and co",https://www.indiehackers.com/product/rationalgrid,https://rationalgrid.ai,https://storage.googleapis.com/indie-hackers.appspot.com/product-avatars/rationalgrid/F64SGma4GqbZgj145oHalUB9Cn92,0,1,RationalGridAI,2025-01,2026-04-09T08:11:21.673Z,2026-04-09T08:11:21.613Z,2026-04-09T08:18:21.437Z,F64SGma4GqbZgj145oHalUB9Cn92,"ai,community,content,education,news-magazines,writing",free,self,"android,desktop,ios,mac,mobile,pc,web","commitment-full-time,employees-under-10,founders-code-yes,founders-solo,funding-self,platform-android,platform-desktop,platform-ios,platform-mac,platform-mobile,platform-pc,platform-web,revenue-model-free,vertical-ai,vertical-community,vertical-content,vertical-education,vertical-news-magazines,vertical-writing",2026-04-13T21:01:35.535Z
boardflow,BoardFlow,"Record now, onboard forever.","Most companies struggle with onboarding because documentation is fragmented, outdated, and not role-specific. Information is scattered across tools, making it hard to follow, slowing productivity, and creating confusion ",https://www.indiehackers.com/product/boardflow,https://boardflow.online/,https://storage.googleapis.com/indie-hackers.appspot.com/product-avatars/boardflow/KXdaU1gD51cTJbyMcHexPmOtmqA3,0,1,BoardFlowOnline,2026-04,2026-04-09T08:02:53.627Z,2026-04-09T08:02:53.544Z,2026-04-10T08:38:43.309Z,KXdaU1gD51cTJbyMcHexPmOtmqA3,"productivity,saas,task-management","free,subscription",bootstrapped,"pc,web","commitment-side-project,employees-0,founders-code-yes,founders-solo,funding-bootstrapped,platform-pc,platform-web,revenue-model-free,revenue-model-subscription,vertical-productivity,vertical-saas,vertical-task-management",2026-04-13T21:01:35.535Z
ailoitte,Ailoitte,"We build AI-native apps for startups, Fixed Price, Outcomes.","After 12+ years as a Solution Architect, I founded Ailoitte in 2017 to bridge the gap between startup speed and enterprise quality. Today we've helped 80+ clients globally build AI-native, production-ready products.",https://www.indiehackers.com/product/ailoitte,https://www.ailoitte.com,https://storage.googleapis.com/indie-hackers.appspot.com/product-avatars/ailoitte/FecWlQLIbZZgPHX4FXM0SJwqzcr1,567890678,1,ailoit,2017-12,2026-04-09T08:02:43.425Z,2026-04-09T08:02:41.279Z,2026-04-13T07:28:26.291Z,FecWlQLIbZZgPHX4FXM0SJwqzcr1,"agriculture,ai,b2b,b2c,e-commerce,education,finance,health-fitness,home-automation,jobs-hiring,marketing,productivity,professional-services,programming,saas","advertising,commission,consulting,free,partnerships,subscription,transactional",donations,"android,browser,desktop,ios,mac,mobile,pc,web","commitment-full-time,employees-200-plus,founders-code-yes,founders-solo,funding-donations,platform-android,platform-browser,platform-desktop,platform-ios,platform-mac,platform-mobile,platform-pc,platform-web,revenue-model-advertising,revenue-model-commission,revenue-model-consulting,revenue-model-free,revenue-model-partnerships,revenue-model-subscription,revenue-model-transactional,vertical-agriculture,vertical-ai,vertical-b2b,vertical-b2c,vertical-e-commerce,vertical-education,vertical-finance,vertical-health-fitness,vertical-home-automation,vertical-jobs-hiring,vertical-marketing,vertical-productivity,vertical-professional-services,vertical-programming,vertical-saas",2026-04-13T21:01:35.535Z
oneplay,OnePlay,Find & Fix the one thing holding your business back,"For years I worked with founders who were working extremely hard, and still felt stuck.
I felt it myself too. Once your business reaches a certain complexity, you can no longer hold the whole picture in your head.",https://www.indiehackers.com/product/oneplay,https://www.getoneplay.com,https://storage.googleapis.com/indie-hackers.appspot.com/product-avatars/oneplay/C6qGk3e2DEXpFEExo6H9w0dFrP83,0,1,,2026-04,2026-04-09T07:47:36.857Z,2026-04-09T07:47:37.599Z,2026-04-09T07:53:50.069Z,C6qGk3e2DEXpFEExo6H9w0dFrP83,"ai,b2b,growth,marketing,productivity,saas",subscription,bootstrapped,"desktop,mac,mobile,pc,web","commitment-side-project,employees-0,founders-code-yes,founders-solo,funding-bootstrapped,platform-desktop,platform-mac,platform-mobile,platform-pc,platform-web,revenue-model-subscription,vertical-ai,vertical-b2b,vertical-growth,vertical-marketing,vertical-productivity,vertical-saas",2026-04-13T21:01:35.535Z
44g-envelope,44G Envelope,"Safer communication, sender identity, and proof.","44G Envelope exists because digital communication is losing certainty and provability. It helps people and businesses later show what was sent, to whom, and under which sender identity.",https://www.indiehackers.com/product/44g-envelope,https://44g.ai,https://storage.googleapis.com/indie-hackers.appspot.com/product-avatars/44g-envelope/Zc2bw4CaoIRsLbyHohDLQXyedQl2,0,1,,2025-11,2026-04-09T06:50:15.539Z,2026-04-09T06:50:14.031Z,2026-04-09T07:10:04.457Z,Zc2bw4CaoIRsLbyHohDLQXyedQl2,"b2b,communication,legal,privacy-security,productivity,saas","advertising,partnerships,subscription,transactional",seed,web,"commitment-side-project,employees-0,founders-code-no,founders-solo,funding-seed,platform-web,revenue-model-advertising,revenue-model-partnerships,revenue-model-subscription,revenue-model-transactional,vertical-b2b,vertical-communication,vertical-legal,vertical-privacy-security,vertical-productivity,vertical-saas",2026-04-13T21:01:35.535Z
invest-property-calc,Invest Property Calc,Free Australian property calculators for investors,"I built Invest Property Calc because I wanted a simpler way to run Australian property numbers quickly.

A lot of the existing tools felt too basic, too messy, or not tailored enough to Australian investors. I wanted one",https://www.indiehackers.com/product/invest-property-calc,https://www.investpropertycalc.com/,https://storage.googleapis.com/indie-hackers.appspot.com/product-avatars/invest-property-calc/zZwxaODXXdREncuKZFfbcxL1qS03,0,1,,2026-02,2026-04-09T06:27:24.509Z,2026-04-09T06:27:24.270Z,2026-04-09T06:37:10.289Z,zZwxaODXXdREncuKZFfbcxL1qS03,"analytics,finance,investing,real-estate,saas",free,"bootstrapped,self","mobile,web","commitment-side-project,employees-0,founders-code-yes,founders-solo,funding-bootstrapped,funding-self,platform-mobile,platform-web,revenue-model-free,vertical-analytics,vertical-finance,vertical-investing,vertical-real-estate,vertical-saas",2026-04-13T21:01:35.535Z
startup-financial-template-bundle,Startup Financial Template Bundle,"Excel templates for startup cash flow, P&L, forecasting & va",I've spent years analyzing businesses across multiple industries — evaluating whether they're worth starting or investing in. One thing I kept running into: founders had no idea what their numbers were saying,https://www.indiehackers.com/product/startup-financial-template-bundle,https://gumroad.com/products,https://storage.googleapis.com/indie-hackers.appspot.com/product-avatars/startup-financial-template-bundle/SRS1Ahf3WtTfgFNWF6juhdmBrDu1,50,1,,2026-01,2026-04-09T06:15:41.970Z,2026-04-09T06:15:42.059Z,2026-04-09T06:19:55.883Z,SRS1Ahf3WtTfgFNWF6juhdmBrDu1,"analytics,data,finance,food-drinks,growth,sales,task-management",commission,self,"android,browser,desktop,ios,mac,mobile,pc,web","commitment-side-project,employees-under-10,founders-code-no,founders-solo,funding-self,platform-android,platform-browser,platform-desktop,platform-ios,platform-mac,platform-mobile,platform-pc,platform-web,revenue-model-commission,vertical-analytics,vertical-data,vertical-finance,vertical-food-drinks,vertical-growth,vertical-sales,vertical-task-management",2026-04-13T21:01:35.535Z
decide-it,decide.it,Stop scrolling. Get your best product recommendation in 8 se,"I got frustrated watching people spend hours choosing products online and still feel unsure. I built decide.it to solve that — fast, simple, no overthinking required.",https://www.indiehackers.com/product/decide-it,https://decide-it-nine.vercel.app/,https://storage.googleapis.com/indie-hackers.appspot.com/product-avatars/decide-it/N719bdut0Uf7S9s2waT31XrYsvq1,100,1,,2026-03,2026-04-09T06:01:22.304Z,2026-04-09T06:01:22.249Z,2026-04-09T06:08:26.267Z,N719bdut0Uf7S9s2waT31XrYsvq1,"b2c,data","commission,free,transactional",bootstrapped,"android,desktop","commitment-full-time,employees-0,founder-multi,founders-code-yes,funding-bootstrapped,platform-android,platform-desktop,revenue-model-commission,revenue-model-free,revenue-model-transactional,vertical-b2c,vertical-data",2026-04-13T21:01:35.535Z
ytvidhub,YTVidHub,Convert YouTube videos to clean TXT data for AI/LLM training,Most YouTube subtitle downloader tools on the market do not support batch downloading. That’s why we built this product with a unique value proposition — and it truly solves a real pain point for users.,https://www.indiehackers.com/product/ytvidhub,https://ytvidhub.com/,https://storage.googleapis.com/indie-hackers.appspot.com/product-avatars/ytvidhub/2laCRZJR3RbFgZexz39xylTrFSE2,0,1,,2025-10,2026-04-09T05:57:05.438Z,2026-04-09T05:57:05.098Z,2026-04-09T06:06:34.273Z,2laCRZJR3RbFgZexz39xylTrFSE2,"productivity,saas,utilities",subscription,self,"browser,desktop,mobile,web","commitment-full-time,employees-10-plus,founder-multi,founders-code-yes,funding-self,platform-browser,platform-desktop,platform-mobile,platform-web,revenue-model-subscription,vertical-productivity,vertical-saas,vertical-utilities",2026-04-13T21:01:35.535Z
proplurk,PropLurk,"Real estate deal analysis, all in one place.","When I bought my first property, every tool I found was either missing features or fragmented across 3 different apps. So I built the all-in-one deal analysis platform I wished existed.",https://www.indiehackers.com/product/proplurk,https://proplurk.com,https://storage.googleapis.com/indie-hackers.appspot.com/product-avatars/proplurk/UsZwh4arVza2eDAXFBWOc4q6aOk2,0,1,PropLurk,2023-03,2026-04-09T05:18:27.436Z,2026-04-09T05:18:27.163Z,2026-04-09T05:26:56.558Z,UsZwh4arVza2eDAXFBWOc4q6aOk2,"analytics,investing,real-estate,saas",free,self,web,"commitment-side-project,employees-under-10,founders-code-yes,founders-solo,funding-self,platform-web,revenue-model-free,vertical-analytics,vertical-investing,vertical-real-estate,vertical-saas",2026-04-13T21:01:35.535Z
alertly-2,Alertly,AI-powered web monitoring that filters signal from noise,"I rely on tools like Salesforce, HubSpot,. in my product. If any of them ship a breaking change or security update, I need to know before my customers do. Couldn't get a simple tool to do this, hence I built Alertly AI.",https://www.indiehackers.com/product/alertly-2,https://alertlyai.app/,https://storage.googleapis.com/indie-hackers.appspot.com/product-avatars/alertly-2/ZGNeBXknd6NmLEhc0NVl5vcFLrQ2,0,1,,2026-01,2026-04-09T04:35:53.277Z,2026-04-09T04:35:53.111Z,2026-04-09T04:58:33.509Z,ZGNeBXknd6NmLEhc0NVl5vcFLrQ2,"ai,apis,b2b,bots,education,privacy-security,productivity,saas","free,subscription","bootstrapped,self",web,"commitment-side-project,employees-0,founders-code-yes,founders-solo,funding-bootstrapped,funding-self,platform-web,revenue-model-free,revenue-model-subscription,vertical-ai,vertical-apis,vertical-b2b,vertical-bots,vertical-education,vertical-privacy-security,vertical-productivity,vertical-saas",2026-04-13T21:01:35.535Z
kaarya-ai,Kaarya AI,Autonomous Goal Execution Intelligence System.,"Kaarya AI is an AI-powered productivity and execution platform designed to convert goals Kaarya AI takes a single goal and intelligently breaks it into practical steps that can be completed one by one.
",https://www.indiehackers.com/product/kaarya-ai,https://kaaryaai-n241.vercel.app/,https://storage.googleapis.com/indie-hackers.appspot.com/product-avatars/kaarya-ai/JyTWGpqwPlVlE1KTUo6dnq7fTii2,0,1,,2026-02,2026-04-09T02:43:33.795Z,2026-04-09T02:43:33.637Z,2026-04-09T02:51:54.797Z,JyTWGpqwPlVlE1KTUo6dnq7fTii2,"ai,growth,productivity","free,subscription",self,web,"commitment-full-time,employees-0,founders-code-yes,founders-solo,funding-self,platform-web,revenue-model-free,revenue-model-subscription,vertical-ai,vertical-growth,vertical-productivity",2026-04-13T21:01:35.535Z
savefbs-2,SaveFBS,SaveFBS is a free online Facebook video downloader,"SaveFBS is a free online Facebook video downloader that lets you save videos directly to your device. Whether it’s a trending Reel, a fantastic story, or a long Watch video, SaveFBS helps you download it in high quality",https://www.indiehackers.com/product/savefbs-2,https://savefbs.com/,https://storage.googleapis.com/indie-hackers.appspot.com/product-avatars/savefbs-2/hRdzCDB3boOapveJBklcIfGPBuD3,1000,1,AlisaS,2024-11,2026-04-09T01:28:24.040Z,2026-04-09T01:28:23.794Z,2026-04-09T01:47:23.670Z,hRdzCDB3boOapveJBklcIfGPBuD3,"content,marketing,movies-video,music-audio,social-media",advertising,self,web,"commitment-side-project,employees-0,founder-multi,founders-code-no,funding-self,platform-web,revenue-model-advertising,vertical-content,vertical-marketing,vertical-movies-video,vertical-music-audio,vertical-social-media",2026-04-13T21:01:35.535Z
the-unsexy-stack,The Unsexy Stack,FastAPI + Next.js 15 SaaS boilerplate. Boring tech that ship,"74% of startups fail from premature scaling. I kept seeing devs buried in Kubernetes before their first customer. The Unsexy Stack is the boring, tested foundation I wish someone had handed me.",https://www.indiehackers.com/product/the-unsexy-stack,https://theunsexystack.com,https://storage.googleapis.com/indie-hackers.appspot.com/product-avatars/the-unsexy-stack/Sj7VOGu834eHAEIQgCOeVqKbrOf1,0,1,,2026-04,2026-04-09T01:12:25.066Z,2026-04-09T01:12:25.039Z,2026-04-09T01:23:01.702Z,Sj7VOGu834eHAEIQgCOeVqKbrOf1,"productivity,programming,saas",transactional,self,web,"commitment-full-time,employees-0,founders-code-yes,founders-solo,funding-self,platform-web,revenue-model-transactional,vertical-productivity,vertical-programming,vertical-saas",2026-04-13T21:01:35.535Z
directory-bear,Directory Bear,The World's Largest AI-Curated Web Directory.,"Directory Bear exists because the web has become harder to explore. Search engines optimize for ads and SEO-gamed results, making it nearly impossible to stumble across quality websites the way you used to. I wanted to b",https://www.indiehackers.com/product/directory-bear,https://dirbear.com/,https://storage.googleapis.com/indie-hackers.appspot.com/product-avatars/directory-bear/XUg2AqyIhcScwpx5PhqHSxIht583,0,1,directorybear,2026-05,2026-04-09T00:40:21.186Z,2026-04-09T00:40:21.148Z,2026-04-09T00:45:22.113Z,XUg2AqyIhcScwpx5PhqHSxIht583,ai,transactional,bootstrapped,web,"commitment-side-project,employees-under-10,founders-code-yes,founders-solo,funding-bootstrapped,platform-web,revenue-model-transactional,vertical-ai,stripe-verified-revenue",2026-04-13T21:01:35.535Z
parsebase,ParseBase,From messy spreadsheets to presentations your team reads.,"Making analytics simple for business people who spend lot's of time in Excel and does not understand coding or SQL. 

",https://www.indiehackers.com/product/parsebase,https://parsebase.io,https://storage.googleapis.com/indie-hackers.appspot.com/product-avatars/parsebase/AIjOvtLGm7QFs9fk2Z2xWTFARm73,0,1, Parsebaseio,2026-03,2026-04-08T22:29:20.610Z,2026-04-08T22:29:20.581Z,2026-04-09T22:08:27.596Z,AIjOvtLGm7QFs9fk2Z2xWTFARm73,"ai,analytics,b2b,b2c,productivity,saas",subscription,self,web,"commitment-side-project,employees-0,founders-code-yes,founders-solo,funding-self,platform-web,revenue-model-subscription,vertical-ai,vertical-analytics,vertical-b2b,vertical-b2c,vertical-productivity,vertical-saas",2026-04-13T21:01:35.535Z
gazeiq,GazeIq,"Test ad attention in seconds, not weeks"," I was running paid ads and wanted to know where people actually look on my creatives before burning budget. Eye-tracking studies cost $5,000–$50,000 and take weeks. I built GazeIQ so any marketer can get the same sign",https://www.indiehackers.com/product/gazeiq,https://gazeiq.dev,https://storage.googleapis.com/indie-hackers.appspot.com/product-avatars/gazeiq/WBRKSF26k4fabYiL1rUy242W5Iu1,200,1,,2026-01,2026-04-08T21:35:27.533Z,2026-04-08T21:35:27.239Z,2026-04-08T21:53:01.905Z,WBRKSF26k4fabYiL1rUy242W5Iu1,"advertising,ai,analytics,b2b,cro,growth,marketing",subscription,"bootstrapped,self","mobile,web","commitment-full-time,employees-0,founders-code-yes,founders-solo,funding-bootstrapped,funding-self,platform-mobile,platform-web,revenue-model-subscription,vertical-advertising,vertical-ai,vertical-analytics,vertical-b2b,vertical-cro,vertical-growth,vertical-marketing",2026-04-13T21:01:35.535Z
swarmed-dev,Swarmed.DEV,Describe it. The SWARM builds it!,"Single agent code editors and generators are helpful but slow and pain. To build a project, it takes you days and weeks.
But a swarm of agents can build, test, ship, and deploy your project within minutes!",https://www.indiehackers.com/product/swarmed-dev,https://www.swarmed.dev/,https://storage.googleapis.com/indie-hackers.appspot.com/product-avatars/swarmed-dev/Zv8WM9gd7uSMpf4RTbN3XnbhZxC3,0,1,swarmedDEV,2026-03,2026-04-08T21:08:46.453Z,2026-04-08T21:08:45.848Z,2026-04-08T21:15:51.582Z,Zv8WM9gd7uSMpf4RTbN3XnbhZxC3,"ai,b2b,b2c,productivity","free,subscription",self,web,"commitment-side-project,employees-under-10,founders-code-yes,founders-solo,funding-self,platform-web,revenue-model-free,revenue-model-subscription,vertical-ai,vertical-b2b,vertical-b2c,vertical-productivity",2026-04-13T21:01:35.535Z
dishcount,Dishcount,Turn local grocery deals into personalized meals,I was spending too much on groceries and wasting time  flipping through weekly ads trying to plan meals around what was on sale.  I could not find an automated solution so I created Dishcount to fill that need.,https://www.indiehackers.com/product/dishcount,https://dishcount.co,https://storage.googleapis.com/indie-hackers.appspot.com/product-avatars/dishcount/m5p3YL2RjpQkTci9ApCsO26lwM53,0,1,,2026-02,2026-04-08T21:05:41.418Z,2026-04-08T21:05:41.254Z,2026-04-08T21:29:51.043Z,m5p3YL2RjpQkTci9ApCsO26lwM53,"e-commerce,food-drinks",free,self,"android,desktop,ios,mac,mobile,pc,web","commitment-side-project,employees-under-10,founders-code-no,founders-solo,funding-self,platform-android,platform-desktop,platform-ios,platform-mac,platform-mobile,platform-pc,platform-web,revenue-model-free,vertical-e-commerce,vertical-food-drinks",2026-04-13T21:01:35.535Z
nexus-ai,NEXUS AI,AI App Deployment,"The platform addresses a critical gap in modern software delivery: while AI can rapidly generate application code, most organizations still face significant operational overhead when moving that output into secure, compl",https://www.indiehackers.com/product/nexus-ai,https://nexusai.run,https://storage.googleapis.com/indie-hackers.appspot.com/product-avatars/nexus-ai/1QDCgViCR7Yb5Z7YibiynNpL6xf2,600,1,nexusai_apps,2025-08,2026-04-08T21:04:27.749Z,2026-04-08T21:05:47.871Z,2026-04-08T21:45:24.641Z,1QDCgViCR7Yb5Z7YibiynNpL6xf2,"ai,b2b,b2c,saas",subscription,self,web,"commitment-full-time,employees-under-10,founders-code-yes,founders-solo,funding-self,platform-web,revenue-model-subscription,vertical-ai,vertical-b2b,vertical-b2c,vertical-saas",2026-04-13T21:01:35.535Z
workflow-translator,Workflow Translator,"Turn messy workflows into clear, executable systems","Most workflows exist as vague ideas, making them hard to implement or improve. Workflow Translator turns them into clear, structured systems teams can actually execute.",https://www.indiehackers.com/product/workflow-translator,https://workflow-translator.replit.app/,https://storage.googleapis.com/indie-hackers.appspot.com/product-avatars/workflow-translator/FufQnK37kAOQBAmn6Ub60yntExn1,0,1,,2026-03,2026-04-08T21:00:50.872Z,2026-04-08T21:00:50.372Z,2026-04-10T00:49:41.651Z,FufQnK37kAOQBAmn6Ub60yntExn1,"ai,b2b,productivity,professional-services,saas",free,self,desktop,"commitment-side-project,employees-0,founders-code-yes,founders-solo,funding-self,platform-desktop,revenue-model-free,vertical-ai,vertical-b2b,vertical-productivity,vertical-professional-services,vertical-saas",2026-04-13T21:01:35.535Z
touchflow-pro,TouchFlow Pro,"Elite typing training for Medical, Legal, and Tech pros.","To bridge the 'OK Plateau' for professionals who rely on their hands. Most typing tools are just games; TouchFlow Pro is a performance engine designed for specialists in Medical, Legal, and Tech fields who need to reach ",https://www.indiehackers.com/product/touchflow-pro,https://touchflowpro.com,https://storage.googleapis.com/indie-hackers.appspot.com/product-avatars/touchflow-pro/nw5xCfeluua6POlMDXuiSTKXZ5k2,0,1,TouchFlowPro,2025-09,2026-04-08T20:40:43.976Z,2026-04-08T20:40:43.962Z,2026-04-08T20:44:42.334Z,nw5xCfeluua6POlMDXuiSTKXZ5k2,"analytics,education,legal,medical,productivity,programming,saas",subscription,self,"browser,mac,pc,web","commitment-full-time,employees-10-plus,founders-code-yes,founders-solo,funding-self,platform-browser,platform-mac,platform-pc,platform-web,revenue-model-subscription,vertical-analytics,vertical-education,vertical-legal,vertical-medical,vertical-productivity,vertical-programming,vertical-saas",2026-04-13T21:01:35.535Z
fantasygen,FantasyGen,AI-powered fantasy map generator for D&D game masters,"As a D&D game master, I spent hours every week preparing maps for my campaigns — searching Google Images, tweaking things in Photoshop, and still ending up with mediocre results. ",https://www.indiehackers.com/product/fantasygen,https://fantasygen.net/,https://storage.googleapis.com/indie-hackers.appspot.com/product-avatars/fantasygen/RmnUTcyOcWh8zOmzy2EnXa7lDIJ2,600,1,,2025-06,2026-04-08T20:38:34.440Z,2026-04-08T20:38:30.008Z,2026-04-08T20:43:11.869Z,RmnUTcyOcWh8zOmzy2EnXa7lDIJ2,"ai,design,games",subscription,self,web,"commitment-full-time,employees-0,founders-code-yes,founders-solo,funding-self,platform-web,revenue-model-subscription,vertical-ai,vertical-design,vertical-games",2026-04-13T21:01:35.535Z
clipmargin,ClipMargin,Timestamped notes for any video. Your margin for every clip.,I watch a lot of videos to learn but I could never find that one part I needed later. I'd rewatch entire videos looking for one concept. Books have margins where you can scribble next to what you're reading. Videos don't,https://www.indiehackers.com/product/clipmargin,https://clipmargin.com/,https://storage.googleapis.com/indie-hackers.appspot.com/product-avatars/clipmargin/pWqh5wDpcLWarX5Gq4mMtrploZ42,0,1,,2026-03,2026-04-08T20:24:56.650Z,2026-04-08T20:24:56.477Z,2026-04-08T20:32:34.937Z,pWqh5wDpcLWarX5Gq4mMtrploZ42,"education,movies-video,productivity",free,self,"browser,web","commitment-side-project,employees-0,founders-code-yes,founders-solo,funding-self,platform-browser,platform-web,revenue-model-free,vertical-education,vertical-movies-video,vertical-productivity",2026-04-13T21:01:35.535Z
lupus-labs-com,lupus-labs.com,Transform complex plans into presentation-ready PowerPoint,"Digital transformation consulting is still the core business at Lupus & Company — supporting organizations from strategy through to execution. Lupus Labs grew out of that work: a tool we kept needing ourselves, so we bui",https://www.indiehackers.com/product/lupus-labs-com,https://www.lupus-labs.com/,https://storage.googleapis.com/indie-hackers.appspot.com/product-avatars/lupus-labs-com/cEgF178LGth98sPfhuLCc1nh72i2,0,1,,2026-04,2026-04-08T20:16:50.474Z,2026-04-08T20:16:50.338Z,2026-04-08T20:28:24.106Z,cEgF178LGth98sPfhuLCc1nh72i2,"b2b,professional-services,task-management","consulting,free",self,web,"commitment-side-project,employees-10-plus,founder-multi,founders-code-yes,funding-self,platform-web,revenue-model-consulting,revenue-model-free,vertical-b2b,vertical-professional-services,vertical-task-management",2026-04-13T21:01:35.535Z
joobbr,Joobbr,Find your first job faster with AI,"Joobbr makes it easier for people to get jobs by finding jobs that fit their profile from all around the world and then making tailored resumes, cover letters and interview questions.",https://www.indiehackers.com/product/joobbr,https://www.joobbr.com/,https://storage.googleapis.com/indie-hackers.appspot.com/product-avatars/joobbr/LB7yyuTIG2d7KryRz1zcyOC8zU02,0,1,JoobbrOffical,2026-03,2026-04-08T19:55:51.473Z,2026-04-08T19:55:43.289Z,2026-04-08T20:07:42.205Z,LB7yyuTIG2d7KryRz1zcyOC8zU02,"ai,growth,jobs-hiring,productivity,saas",subscription,self,web,"commitment-full-time,employees-0,founders-code-yes,founders-solo,funding-self,platform-web,revenue-model-subscription,vertical-ai,vertical-growth,vertical-jobs-hiring,vertical-productivity,vertical-saas",2026-04-13T21:01:35.535Z
mytone-translate,MyTone Translate,"Rewrite your text based on cultural tone, not translation","MyTone helps you rewrite your message based on how people actually speak in different countries.

Same message — different tone depending on the culture.

Perfect for global communication, business, and content creators.",https://www.indiehackers.com/product/mytone-translate,https://mytone-translate.netlify.app/,https://storage.googleapis.com/indie-hackers.appspot.com/product-avatars/mytone-translate/X8AxE5RtnQbCrAQ1aeOAXWopYj32,0,1,,2026-01,2026-04-08T19:18:46.975Z,2026-04-08T19:18:46.185Z,2026-04-08T19:32:37.658Z,X8AxE5RtnQbCrAQ1aeOAXWopYj32,"ai,communication,productivity,utilities",free,bootstrapped,web,"commitment-side-project,employees-0,founders-code-yes,founders-solo,funding-bootstrapped,platform-web,revenue-model-free,vertical-ai,vertical-communication,vertical-productivity,vertical-utilities",2026-04-13T21:01:35.535Z
apex-medisuite,Apex MediSuite,Spend less time on paperwork. Focus more on patients.,"Apex MediSuite is an easy-to-use healthcare management platform that helps clinics and hospitals simplify daily operations, reduce administrative burden, and improve financial visibility — all from one system.",https://www.indiehackers.com/product/apex-medisuite,https://apex-consultant.com/apex-medisuite/,https://storage.googleapis.com/indie-hackers.appspot.com/product-avatars/apex-medisuite/UTmTlRTje8dJfagfwKHYSBBMw3F2,0,1,,2016-01,2026-04-08T19:18:21.509Z,2026-04-08T19:18:21.465Z,2026-04-08T19:25:17.474Z,UTmTlRTje8dJfagfwKHYSBBMw3F2,"b2b,data,health-fitness,medical,productivity,professional-services",subscription,self,desktop,"commitment-full-time,employees-10-plus,founder-multi,founders-code-no,funding-self,platform-desktop,revenue-model-subscription,vertical-b2b,vertical-data,vertical-health-fitness,vertical-medical,vertical-productivity,vertical-professional-services",2026-04-13T21:01:35.535Z
akela-bhai-portfolio,Akela Bhai ,Modern high-converting websites for brands and creators,"I started Akela Bhai Portfolio to help individuals and brands build modern, high-converting websites that actually generate results.
Most websites look good but fail to convert visitors into customers.
This project exist",https://www.indiehackers.com/product/akela-bhai-portfolio,https://akelabhai.com,https://storage.googleapis.com/indie-hackers.appspot.com/product-avatars/akela-bhai-portfolio/2ETeLs7WgqYRyxWhLeKln4grkNT2,10,1,akelajiofficial,2025-11,2026-04-08T19:17:13.842Z,2026-04-08T19:17:13.618Z,2026-04-08T19:40:08.808Z,2ETeLs7WgqYRyxWhLeKln4grkNT2,"design,marketing,productivity,professional-services,programming,saas,wordpress","consulting,transactional",bootstrapped,"mobile,web","commitment-full-time,employees-0,founders-code-yes,founders-solo,funding-bootstrapped,platform-mobile,platform-web,revenue-model-consulting,revenue-model-transactional,vertical-design,vertical-marketing,vertical-productivity,vertical-professional-services,vertical-programming,vertical-saas,vertical-wordpress",2026-04-13T21:01:35.535Z
nixia-break-the-loop,Nixia - Break the loop,Every moment tells you why,"Most habit apps count the days you stayed strong. Nixia asks a different question — why does it keep happening? Log moments, get personalized strategies, and watch your patterns emerge over time.",https://www.indiehackers.com/product/nixia-break-the-loop,https://nixia-app.com/,https://storage.googleapis.com/indie-hackers.appspot.com/product-avatars/nixia-break-the-loop/zF9iCf0ZQPWx4p0Mu8XiSw6pbp32,0,1,,2025-07,2026-04-08T19:14:25.190Z,2026-04-08T19:14:24.898Z,2026-04-09T19:41:30.415Z,zF9iCf0ZQPWx4p0Mu8XiSw6pbp32,health-fitness,free,bootstrapped,ios,"commitment-side-project,employees-0,founders-code-yes,founders-solo,funding-bootstrapped,platform-ios,revenue-model-free,vertical-health-fitness",2026-04-13T21:01:35.535Z
celavii,Celavii,"Agentic creator intelligence — from $49/mo, no contracts",We needed a platform to find and manage creator partnerships but were priced out. Every tool wanted $2K-$5K/mo with annual contracts and per-seat fees — and none covered everything we needed. So we built Celavii!,https://www.indiehackers.com/product/celavii,https://celavii.com,https://storage.googleapis.com/indie-hackers.appspot.com/product-avatars/celavii/gf3ovTg4UGXIimjLrWWMUOCEII62,3000,1,CelaviiHQ,2025-09,2026-04-08T18:58:51.747Z,2026-04-08T18:58:51.700Z,2026-04-08T19:18:30.595Z,gf3ovTg4UGXIimjLrWWMUOCEII62,"ai,analytics,apis,b2b,marketing,saas,social-media",subscription,bootstrapped,web,"commitment-full-time,employees-under-10,founder-multi,founders-code-yes,funding-bootstrapped,platform-web,revenue-model-subscription,vertical-ai,vertical-analytics,vertical-apis,vertical-b2b,vertical-marketing,vertical-saas,vertical-social-media",2026-04-13T21:01:35.536Z
reconbridge,ReconBridge,Understand your Stripe payouts in seconds.,"See exactly where your money went! fees, refunds, timing. -- Try the demo or upload your data.",https://www.indiehackers.com/product/reconbridge,https://reconbridge.streamlit.app/,https://storage.googleapis.com/indie-hackers.appspot.com/product-avatars/reconbridge/A3v05JP12RYNLc3mrS6RDdPWM7H3,0,1,,2026-02,2026-04-08T18:58:28.410Z,2026-04-08T18:58:28.760Z,2026-04-08T19:05:10.856Z,A3v05JP12RYNLc3mrS6RDdPWM7H3,"analytics,bots,data,finance,investing,programming,saas,utilities",consulting,self,"desktop,mobile,pc,web","commitment-side-project,employees-0,founders-code-yes,founders-solo,funding-self,platform-desktop,platform-mobile,platform-pc,platform-web,revenue-model-consulting,vertical-analytics,vertical-bots,vertical-data,vertical-finance,vertical-investing,vertical-programming,vertical-saas,vertical-utilities",2026-04-13T21:01:35.536Z
smartypilot,Smartypilot,"Smarter Search, More Sales.","We built Smartypilot because e-commerce stores were investing heavily in traffic but losing customers at the moment that mattered most — the search bar, the product page, the unanswered question before checkout.",https://www.indiehackers.com/product/smartypilot,https://smartypilot.ai,https://storage.googleapis.com/indie-hackers.appspot.com/product-avatars/smartypilot/EPmVO2WX27VP9VKE1ENTx1m7led2,5000,1,,2025-09,2026-04-08T18:56:58.035Z,2026-04-08T18:56:57.451Z,2026-04-09T08:40:01.243Z,EPmVO2WX27VP9VKE1ENTx1m7led2,"ai,analytics,apis,b2b,b2c,cro,e-commerce,saas,shopping","partnerships,subscription",self,"mobile,web","commitment-side-project,employees-under-10,founder-multi,founders-code-yes,funding-self,platform-mobile,platform-web,revenue-model-partnerships,revenue-model-subscription,vertical-ai,vertical-analytics,vertical-apis,vertical-b2b,vertical-b2c,vertical-cro,vertical-e-commerce,vertical-saas,vertical-shopping",2026-04-13T21:01:35.536Z
patchwork,PatchWork,"Upload your career history once, never write a resume again.",I've tried all the AI resume tools and none of them do what I want them to do: extract every bit of experience to create a master career profile that the AI uses to build your best possible resume for any given role.,https://www.indiehackers.com/product/patchwork,https://usepatch.work,https://storage.googleapis.com/indie-hackers.appspot.com/product-avatars/patchwork/109bLVkIW2WlcDxGzVeMXcjWkXy2,0,1,,2026-03,2026-04-08T18:44:29.154Z,2026-04-08T18:44:29.113Z,2026-04-11T10:03:59.675Z,109bLVkIW2WlcDxGzVeMXcjWkXy2,"jobs-hiring,productivity",subscription,bootstrapped,web,"commitment-side-project,employees-0,founders-code-no,founders-solo,funding-bootstrapped,platform-web,revenue-model-subscription,vertical-jobs-hiring,vertical-productivity",2026-04-13T21:01:35.536Z
chainhint,ChainHint,Trace stolen crypto. Expose bad actors.,"Every major crypto hack — Bybit, Ronin, WazirX — leaves a public trail on-chain. But the tools to follow that trail cost $30K+/year and are built for governments and enterprise compliance teams.

I built ChainHint becaus",https://www.indiehackers.com/product/chainhint,https://chainhint.com,https://storage.googleapis.com/indie-hackers.appspot.com/product-avatars/chainhint/4xwBuA6Dt3cWiR0k3NFmmdZf8EF3,999,1,ChainHint,2026-03,2026-04-08T18:19:45.209Z,2026-04-08T18:19:45.120Z,2026-04-08T18:26:42.870Z,4xwBuA6Dt3cWiR0k3NFmmdZf8EF3,"analytics,apis,cryptocurrency,data,saas",subscription,self,web,"commitment-side-project,employees-0,founders-code-yes,founders-solo,funding-self,platform-web,revenue-model-subscription,vertical-analytics,vertical-apis,vertical-cryptocurrency,vertical-data,vertical-saas",2026-04-13T21:01:35.536Z
the-ai-comparator,The AI Comparator,The best website to find and compare AI Tools / services,"I was helping friends and clients pick AI tools for their businesses and kept running into the same problem: there's no reliable, independent place to compare them. Every ""best AI tools"" list is either written by the",https://www.indiehackers.com/product/the-ai-comparator,https://www.the-ai-comparator.com/en,https://storage.googleapis.com/indie-hackers.appspot.com/product-avatars/the-ai-comparator/vqMpB7DLdyN9dNYyPYn1ilRxx7k2,400,1,,2026-01,2026-04-08T17:52:00.027Z,2026-04-08T17:51:59.935Z,2026-04-08T18:17:58.606Z,vqMpB7DLdyN9dNYyPYn1ilRxx7k2,"advertising,ai,b2b,b2c,data,mailing-lists","advertising,commission,partnerships,transactional",bootstrapped,"mobile,web","commitment-side-project,employees-0,founder-multi,founders-code-yes,funding-bootstrapped,platform-mobile,platform-web,revenue-model-advertising,revenue-model-commission,revenue-model-partnerships,revenue-model-transactional,vertical-advertising,vertical-ai,vertical-b2b,vertical-b2c,vertical-data,vertical-mailing-lists",2026-04-13T21:01:35.536Z
runtogether-live-virtual-runs,RunTogether: Live Virtual Runs,A Gamified Running Mobile App that Makes Running Fun,"I’m building RunTogether because solo running is a lonely grind that’s too easy to quit. I’ve turned those boring miles into a live, high-energy race where real-time competition makes staying consistent actually fun.",https://www.indiehackers.com/product/runtogether-live-virtual-runs,https://runtogetherlvr.app/,https://storage.googleapis.com/indie-hackers.appspot.com/product-avatars/runtogether-live-virtual-runs/O0w2uNQNVNcfhwSUazcPCGptYa42,0,1,,2025-06,2026-04-08T17:30:04.380Z,2026-04-08T17:30:04.262Z,2026-04-08T17:40:21.882Z,O0w2uNQNVNcfhwSUazcPCGptYa42,"community,entertainment,games,health-fitness,sports",subscription,bootstrapped,"ios,mobile","commitment-side-project,employees-0,founders-code-yes,founders-solo,funding-bootstrapped,platform-ios,platform-mobile,revenue-model-subscription,vertical-community,vertical-entertainment,vertical-games,vertical-health-fitness,vertical-sports",2026-04-13T21:01:35.536Z
zenovay,Zenovay,Connect your website traffic directly to your actual revenue,"We built Zenovay to replace complicated analytics. Traditional tools leave you guessing. We connect traffic to visual heatmaps, direct Stripe revenue, and session replays.",https://www.indiehackers.com/product/zenovay,https://zenovay.com,https://storage.googleapis.com/indie-hackers.appspot.com/product-avatars/zenovay/Hp8ql05TqvQFvB4a20pqeFPAu1C3,0,1,zenovayDX,2025-05,2026-04-08T17:24:55.825Z,2026-04-08T17:24:54.698Z,2026-04-08T17:34:15.490Z,Hp8ql05TqvQFvB4a20pqeFPAu1C3,"analytics,b2b,b2c,cro,marketing",subscription,bootstrapped,web,"commitment-side-project,employees-under-10,founders-code-yes,founders-solo,funding-bootstrapped,platform-web,revenue-model-subscription,vertical-analytics,vertical-b2b,vertical-b2c,vertical-cro,vertical-marketing",2026-04-13T21:01:35.536Z
bremma,Bremma,The weekly meeting system for couples.,"My wife Emma and I created a weekly meeting system for our relationship. It genuinely improved our marriage! I found Lovable, built an app around it, and others wanted it too. So together, we launched Bremma.",https://www.indiehackers.com/product/bremma,https://bremma.io,https://storage.googleapis.com/indie-hackers.appspot.com/product-avatars/bremma/wSNnO4Q4LAW2vKYh8C1ssgDcHLf2,0,1,,2025-09,2026-04-08T17:20:14.457Z,2026-04-08T17:20:14.423Z,2026-04-10T14:17:17.674Z,wSNnO4Q4LAW2vKYh8C1ssgDcHLf2,"b2c,communication,saas,task-management",subscription,bootstrapped,"desktop,mobile,web","commitment-full-time,employees-under-10,founder-multi,founders-code-no,funding-bootstrapped,platform-desktop,platform-mobile,platform-web,revenue-model-subscription,vertical-b2c,vertical-communication,vertical-saas,vertical-task-management",2026-04-13T21:01:35.536Z
whispen,Whispen,Free local AI dictation for Mac,"Whispen exists because I wanted voice typing to feel practical enough for daily use. Most existing tools felt too limited, too cloud-dependent, or too disconnected from real workflows, so I built a simpler local-first ex",https://www.indiehackers.com/product/whispen,https://whispen.io,https://storage.googleapis.com/indie-hackers.appspot.com/product-avatars/whispen/profBjQsamO4zxuVyKN4rV0ymgI2,0,1,cs_see9105,2026-03,2026-04-08T16:59:20.937Z,2026-04-08T16:59:20.775Z,2026-04-10T10:08:32.307Z,profBjQsamO4zxuVyKN4rV0ymgI2,"ai,apis,productivity,saas,utilities,writing","free,subscription",bootstrapped,"android,ios,mac","commitment-full-time,employees-0,founders-code-no,founders-solo,funding-bootstrapped,platform-android,platform-ios,platform-mac,revenue-model-free,revenue-model-subscription,vertical-ai,vertical-apis,vertical-productivity,vertical-saas,vertical-utilities,vertical-writing,stripe-verified-revenue",2026-04-13T21:01:35.536Z
soopreme,Soopreme - AI VibeCoding DB,I compiled 150 AI VibeCoding stacks into a searchable DB.,"The problem I kept hitting: I'd want to build something, then spend 3 days in analysis paralysis trying to pick the right stack.

So I compiled 150 AI VibeCoding stacks into a searchable database.",https://www.indiehackers.com/product/soopreme,https://soopreme.it.com,https://storage.googleapis.com/indie-hackers.appspot.com/product-avatars/soopreme/4hKLZtSuZDMAbJTTZGcGDaT6DSy2,1000,1,tayyabirfan_,2026-03,2026-04-08T16:59:02.513Z,2026-04-08T16:59:02.243Z,2026-04-08T17:07:10.486Z,4hKLZtSuZDMAbJTTZGcGDaT6DSy2,"ai,saas",subscription,bootstrapped,web,"commitment-side-project,employees-0,founders-code-yes,founders-solo,funding-bootstrapped,platform-web,revenue-model-subscription,vertical-ai,vertical-saas",2026-04-13T21:01:35.536Z
habithook-social-habit-tracker,Habithook - Social Habit Tracker,Community Driven Habit Tracker,Self-motivation lasts 3 days. Community lasts forever. That's why we built Habithook.,https://www.indiehackers.com/product/habithook-social-habit-tracker,https://play.google.com/store/apps/details?id=com.metaserve.habithook,https://storage.googleapis.com/indie-hackers.appspot.com/product-avatars/habithook-social-habit-tracker/c5g3SpXNIcf8QAG9V9KQSxpAFdG2,0,1,,2024-06,2026-04-08T16:50:20.129Z,2026-04-08T16:50:17.603Z,2026-04-08T17:51:36.466Z,c5g3SpXNIcf8QAG9V9KQSxpAFdG2,"community,growth,health-fitness,productivity,professional-services,saas,social-media",free,self,android,"commitment-side-project,employees-0,founders-code-yes,founders-solo,funding-self,platform-android,revenue-model-free,vertical-community,vertical-growth,vertical-health-fitness,vertical-productivity,vertical-professional-services,vertical-saas,vertical-social-media",2026-04-13T21:01:35.536Z
content-guard-pro-wordpress-plugin,Content Guard Pro,WordPress malware scanner that catches what Wordfence misses,"Most WordPress scanners check files. But today's infections 
live in the database - injected spam links, SEO poisoning, 
redirect scripts. File scanners miss all of it. CGP scans there.",https://www.indiehackers.com/product/content-guard-pro-wordpress-plugin,https://contentguardpro.com,https://storage.googleapis.com/indie-hackers.appspot.com/product-avatars/content-guard-pro-wordpress-plugin/PI1b8HKpAyWmM5w4eDVJEsXyqy02,50,1,contentguardpro,2026-01,2026-04-08T16:36:30.322Z,2026-04-08T16:36:30.209Z,2026-04-08T16:59:42.249Z,PI1b8HKpAyWmM5w4eDVJEsXyqy02,wordpress,"free,subscription",self,web,"commitment-side-project,employees-0,founders-code-yes,founders-solo,funding-self,platform-web,revenue-model-free,revenue-model-subscription,vertical-wordpress",2026-04-13T21:01:35.536Z
unbullet-2,UnBullet,AI job matching platform on your life story - not your CV,The CV-based job application process is broken. There is just not enough signal to stand out. We propose a radical change: write your entire life story and get matched automatically with AI. Efficiently. Anonymously.,https://www.indiehackers.com/product/unbullet-2,https://www.unbullet.com,https://storage.googleapis.com/indie-hackers.appspot.com/product-avatars/unbullet-2/eA9T7CGMPne3RVLxofOYoL1GYJp1,0,1,,2026-02,2026-04-08T16:07:26.850Z,2026-04-08T16:07:26.762Z,2026-04-09T05:10:56.514Z,eA9T7CGMPne3RVLxofOYoL1GYJp1,"ai,jobs-hiring,saas",subscription,bootstrapped,"android,desktop,ios","commitment-side-project,employees-0,founder-multi,founders-code-yes,funding-bootstrapped,platform-android,platform-desktop,platform-ios,revenue-model-subscription,vertical-ai,vertical-jobs-hiring,vertical-saas",2026-04-13T21:01:35.536Z
developers-ai-prompt-pack,Developer's AI Prompt Pack,40 AI prompts for the business side of freelance development,"Most developers are great at writing code. The surrounding work — scoping projects, handling client communication, writing documentation, pricing fairly, chasing invoices — that's what actually eats time and rarely gets ",https://www.indiehackers.com/product/developers-ai-prompt-pack,https://2937967475321.gumroad.com/l/tnaoz,https://storage.googleapis.com/indie-hackers.appspot.com/product-avatars/developers-ai-prompt-pack/jkcTIHv7RJaS0jeh3yX8ab4qWcB3,0,1,,2026-04,2026-04-08T15:46:48.333Z,2026-04-08T15:46:48.258Z,2026-04-08T15:52:14.672Z,jkcTIHv7RJaS0jeh3yX8ab4qWcB3,"ai,productivity,professional-services,programming",transactional,bootstrapped,web,"commitment-side-project,employees-0,founders-code-yes,founders-solo,funding-bootstrapped,platform-web,revenue-model-transactional,vertical-ai,vertical-productivity,vertical-professional-services,vertical-programming",2026-04-13T21:01:35.536Z
realy,Realy,"Right home, right price, with Realy's six step process","This product idea comes from a hellish experience trying to purchase a property while overseas.
The amount of paperwork, diligence and budgeting all with different parties and professionals on different pages expecting m",https://www.indiehackers.com/product/realy,https://realy.nz/,https://storage.googleapis.com/indie-hackers.appspot.com/product-avatars/realy/MsgW1khvqQUd6GpiJ8UlSJUbc5r1,0,1,Ryan_J_Millar,2025-06,2026-04-08T15:40:23.184Z,2026-04-08T15:40:22.761Z,2026-04-08T16:45:41.365Z,MsgW1khvqQUd6GpiJ8UlSJUbc5r1,"productivity,real-estate,saas","free,transactional",self,web,"commitment-side-project,employees-under-10,founders-code-no,founders-solo,funding-self,platform-web,revenue-model-free,revenue-model-transactional,vertical-productivity,vertical-real-estate,vertical-saas",2026-04-13T21:01:35.536Z
frontmatter-solo,Frontmatter Solo,Stop rewriting templates for every client stack.,"I kept rebuilding the same frontend twice — once in Astro, once in Twig or PHP. Same structure, same components, different syntax. Pure translation work. So I built a CLI that does it automatically.",https://www.indiehackers.com/product/frontmatter-solo,https://www.frontmatter.tech/solo,https://storage.googleapis.com/indie-hackers.appspot.com/product-avatars/frontmatter-solo/jlT4kv3ALJYPxghii692lsP5sfL2,0,1,,2026-01,2026-04-08T15:07:36.287Z,2026-04-08T15:07:36.182Z,2026-04-08T15:13:35.861Z,jlT4kv3ALJYPxghii692lsP5sfL2,"apis,b2b,content,productivity",transactional,self,web,"commitment-side-project,employees-0,founders-code-yes,founders-solo,funding-self,platform-web,revenue-model-transactional,vertical-apis,vertical-b2b,vertical-content,vertical-productivity",2026-04-13T21:01:35.536Z
crawlapi,CrawlAPI,Web scraping API for AI agents,"Every AI agent needs web browsing. Existing APIs charge $19-49/mo and take a weekend to integrate. CrawlAPI is URL in, clean markdown out — with copy-paste tool manifests for LangChain, CrewAI, and OpenAI Assistants. Fre",https://www.indiehackers.com/product/crawlapi,https://crawlapi.net,https://storage.googleapis.com/indie-hackers.appspot.com/product-avatars/crawlapi/CbjLwWCuoPVF1EFQrbPdyBFhatc2,0,1,,2026-04,2026-04-08T15:05:58.658Z,2026-04-08T15:07:18.085Z,2026-04-08T15:13:17.571Z,CbjLwWCuoPVF1EFQrbPdyBFhatc2,"ai,apis","free,subscription",self,web,"commitment-side-project,employees-under-10,founders-code-no,founders-solo,funding-self,platform-web,revenue-model-free,revenue-model-subscription,vertical-ai,vertical-apis",2026-04-13T21:01:35.536Z
news-impact,News Impact,Analysis impact of news on your country,"I’m a 17-year-old developer,  I built News Impact because I realized that most news apps tell you what happened, but they don't tell you what it means for you. How it affects your country and business.",https://www.indiehackers.com/product/news-impact,https://newsimpact.lovable.app/,https://storage.googleapis.com/indie-hackers.appspot.com/product-avatars/news-impact/PonJDyLuCJbJLw4PUd2EsidyUm93,0,1,-Newsimpact,2026-03,2026-04-08T14:59:48.379Z,2026-04-08T14:59:46.732Z,2026-04-08T15:08:38.452Z,PonJDyLuCJbJLw4PUd2EsidyUm93,"advertising,ai,analytics,apis,communication,content,e-commerce,education,finance,growth,health-fitness,news-magazines,social-media","advertising,free",self,,"commitment-full-time,employees-0,founders-code-yes,founders-solo,funding-self,revenue-model-advertising,revenue-model-free,vertical-advertising,vertical-ai,vertical-analytics,vertical-apis,vertical-communication,vertical-content,vertical-e-commerce,vertical-education,vertical-finance,vertical-growth,vertical-health-fitness,vertical-news-magazines,vertical-social-media",2026-04-13T21:01:35.536Z
tooldisk,ToolDisk,Discover the Best AI Tools & SaaS Solutions,"ToolDisk.com is a comprehensive, curated online directory designed to help users discover the best AI tools and SaaS solutions across various categories. It serves as a central hub for individuals, creators, and business",https://www.indiehackers.com/product/tooldisk,https://tooldisk.com,https://storage.googleapis.com/indie-hackers.appspot.com/product-avatars/tooldisk/Z1kziuyhGzfEJlRwoEbqDIQLVKr2,0,1,,2026-01,2026-04-08T14:45:33.758Z,2026-04-08T14:45:33.604Z,2026-04-08T14:47:29.080Z,Z1kziuyhGzfEJlRwoEbqDIQLVKr2,"marketing,marketplaces",free,accelerator,web,"commitment-side-project,employees-under-10,founders-code-yes,founders-solo,funding-accelerator,platform-web,revenue-model-free,vertical-marketing,vertical-marketplaces",2026-04-13T21:01:35.536Z
scannerfy,Scannerfy,Is it Real or AI? AI Detector,In the world are many fake pictures and fake news from ai. I wanted always a platfrom that can say if its AI or Real. So I Build my own Web APP,https://www.indiehackers.com/product/scannerfy,https://scannerfy.com,https://storage.googleapis.com/indie-hackers.appspot.com/product-avatars/scannerfy/M2Ul3k7BDAVPgJJXVQSBZrC28ZI3,0,1,scannerfyAI,2026-04,2026-04-08T14:37:48.099Z,2026-04-08T14:37:47.658Z,2026-04-08T14:45:21.625Z,M2Ul3k7BDAVPgJJXVQSBZrC28ZI3,"ai,saas",free,self,"android,browser,desktop,ios,mac,mobile,pc,web","commitment-side-project,employees-0,founders-code-yes,founders-solo,funding-self,platform-android,platform-browser,platform-desktop,platform-ios,platform-mac,platform-mobile,platform-pc,platform-web,revenue-model-free,vertical-ai,vertical-saas",2026-04-13T21:01:35.536Z
site-spy,Site Spy,AI-Powered Website Change Monitoring,Missed a visa slot because a government page changed and I didn't notice. Built Site Spy so that never happens again. It watches specific parts of any webpage and alerts you when something changes,https://www.indiehackers.com/product/site-spy,https://sitespy.app,https://storage.googleapis.com/indie-hackers.appspot.com/product-avatars/site-spy/4ls8byzmDnb2fhuXJtIIZq0UrRi1,0,1,,2023-12,2026-04-08T14:19:06.462Z,2026-04-08T14:19:06.383Z,2026-04-09T15:46:44.206Z,4ls8byzmDnb2fhuXJtIIZq0UrRi1,"ai,apis,b2c,productivity,programming,saas,utilities",subscription,self,"browser,web","commitment-side-project,employees-10-plus,founders-code-yes,founders-solo,funding-self,platform-browser,platform-web,revenue-model-subscription,vertical-ai,vertical-apis,vertical-b2c,vertical-productivity,vertical-programming,vertical-saas,vertical-utilities",2026-04-13T21:01:35.536Z
happy-milo,Happy Milo,Event Management,"Happy Milo helps you create a happy work culture and a safe workplace. We believe in the power of positive energy to build a better workplace.
",https://www.indiehackers.com/product/happy-milo,https://www.happy-milo.com/,https://storage.googleapis.com/indie-hackers.appspot.com/product-avatars/happy-milo/u7yLeqpqIaPPHHP6AD2Pp81X8bM2,0,1,,2026-01,2026-04-08T14:00:25.828Z,2026-04-08T14:00:25.758Z,2026-04-08T14:06:55.883Z,u7yLeqpqIaPPHHP6AD2Pp81X8bM2,ai,"free,subscription","donations,self",web,"commitment-full-time,employees-under-10,founders-code-yes,founders-solo,funding-donations,funding-self,platform-web,revenue-model-free,revenue-model-subscription,vertical-ai",2026-04-13T21:01:35.536Z
kevlo,Kevlo,The fastest quote-to-paid workflow for solo freelancers.,"I freelanced and hated juggling five tools just to quote a client, send a contract, and get paid. Kevlo is the simple operating system I wish I had. One workflow: quote, lock, collect.",https://www.indiehackers.com/product/kevlo,https://kevlo.io,https://storage.googleapis.com/indie-hackers.appspot.com/product-avatars/kevlo/5U1kqPTR93bt2kP0as6O1YHbqkA3,0,1,mruyssers,2026-01,2026-04-08T13:44:33.200Z,2026-04-08T13:44:33.116Z,2026-04-08T14:05:32.001Z,5U1kqPTR93bt2kP0as6O1YHbqkA3,saas,subscription,bootstrapped,"desktop,mobile,web","commitment-full-time,employees-0,founders-code-no,founders-solo,funding-bootstrapped,platform-desktop,platform-mobile,platform-web,revenue-model-subscription,vertical-saas",2026-04-13T21:01:35.536Z
furwise,Furwise,"Track, share, and understand your cat's world — together.","Adopted my first cat two years ago. Every weird symptom I'd Google or ask ChatGPT. Google gave me content farms, ChatGPT made stuff up. No app just knows my cat and tells me what to do. So I'm building one.",https://www.indiehackers.com/product/furwise,https://furwise.app/,https://storage.googleapis.com/indie-hackers.appspot.com/product-avatars/furwise/IWIKVmoUhUdiHipOlU5dyNWLhAX2,0,1,,2025-11,2026-04-08T13:27:36.051Z,2026-04-08T13:27:35.957Z,2026-04-08T13:37:36.730Z,IWIKVmoUhUdiHipOlU5dyNWLhAX2,health-fitness,"advertising,free,subscription",self,ios,"commitment-full-time,employees-0,founders-code-yes,founders-solo,funding-self,platform-ios,revenue-model-advertising,revenue-model-free,revenue-model-subscription,vertical-health-fitness",2026-04-13T21:01:35.536Z
bidaura-pro-ai-proposal-writer-for-freelancers,Bidaura Pro AI Proposal Writer for Freelancers,"Stop pitching, start winning. Proposals in 10 seconds.","""Built to end 'Proposal Fatigue.' I was tired of spending 30 mins per pitch, so I made an AI to do it in 10 seconds. Helping freelancers scale faster without burnout.""",https://www.indiehackers.com/product/bidaura-pro-ai-proposal-writer-for-freelancers,https://bidaura-pro.vercel.app/,https://storage.googleapis.com/indie-hackers.appspot.com/product-avatars/bidaura-pro-ai-proposal-writer-for-freelancers/wWj02NbC8PahNXNSi0uGMUIlRYy1,0,1,muhammadfaiq04,2026-01,2026-04-08T12:51:24.285Z,2026-04-08T12:51:21.441Z,2026-04-08T13:08:02.069Z,wWj02NbC8PahNXNSi0uGMUIlRYy1,"ai,jobs-hiring,marketing,productivity,saas,writing","free,subscription,transactional",self,web,"commitment-full-time,employees-0,founders-code-yes,founders-solo,funding-self,platform-web,revenue-model-free,revenue-model-subscription,revenue-model-transactional,vertical-ai,vertical-jobs-hiring,vertical-marketing,vertical-productivity,vertical-saas,vertical-writing",2026-04-13T21:01:35.536Z
caricature-generator,Caricature Generator,Convert Picture to Caricature Online Free,Convert Picture to Caricature Online Free,https://www.indiehackers.com/product/caricature-generator,https://gptcaricature.online/,https://storage.googleapis.com/indie-hackers.appspot.com/product-avatars/caricature-generator/ilkoG1tZBIaYc3nnnhekpNS22km1,1,1,,2026-01,2026-04-08T12:26:10.523Z,2026-04-08T12:26:09.155Z,2026-04-08T12:31:35.296Z,ilkoG1tZBIaYc3nnnhekpNS22km1,advertising,advertising,accelerator,android,"commitment-full-time,employees-10-plus,founder-multi,founders-code-yes,funding-accelerator,platform-android,revenue-model-advertising,vertical-advertising",2026-04-13T21:01:35.536Z
hourly-time-income-tracker,Hourly - Time & Income Tracker,Time tracking for freelancers on iPhone and Mac,I bill clients by the hour. Every month I need to send them a breakdown of what I worked on and how long each thing took. I tried a few time trackers but they were all way more complicated than what I needed. I literally,https://www.indiehackers.com/product/hourly-time-income-tracker,https://hourly.furwise.app/,https://storage.googleapis.com/indie-hackers.appspot.com/product-avatars/hourly-time-income-tracker/IWIKVmoUhUdiHipOlU5dyNWLhAX2,6,1,,2025-10,2026-04-08T11:01:54.882Z,2026-04-08T11:01:54.729Z,2026-04-08T13:20:56.752Z,IWIKVmoUhUdiHipOlU5dyNWLhAX2,productivity,"advertising,free,subscription",self,"ios,mac","commitment-full-time,employees-0,founders-code-yes,founders-solo,funding-self,platform-ios,platform-mac,revenue-model-advertising,revenue-model-free,revenue-model-subscription,vertical-productivity",2026-04-13T21:01:35.536Z
picki,Picki,"Save posts from Reddit, X, Instagram,  Threads in one place","I kept losing posts I'd saved. Great stuff on Reddit, useful threads on X, recipes on Instagram — all buried in different apps. When I actually needed something, I could never find it. Built Picki to fix my own probl",https://www.indiehackers.com/product/picki,https://orcakobo.com/picki,https://storage.googleapis.com/indie-hackers.appspot.com/product-avatars/picki/IWIKVmoUhUdiHipOlU5dyNWLhAX2,0,1,,2026-03,2026-04-08T10:52:07.898Z,2026-04-08T10:52:07.775Z,2026-04-08T13:26:04.774Z,IWIKVmoUhUdiHipOlU5dyNWLhAX2,"content,productivity,social-media","free,subscription",bootstrapped,ios,"commitment-full-time,employees-0,founders-code-yes,founders-solo,funding-bootstrapped,platform-ios,revenue-model-free,revenue-model-subscription,vertical-content,vertical-productivity,vertical-social-media",2026-04-13T21:01:35.536Z
chiefmode,ChiefMode,AI observes what you do and assist with achieving your goals,"In the past we were prompting and our AI agents were reactive. Right now we don’t need to do that anymore.

The future of software is agents operating against the database.

The big question is who owns the data?",https://www.indiehackers.com/product/chiefmode,https://chiefmode.ai,https://storage.googleapis.com/indie-hackers.appspot.com/product-avatars/chiefmode/uddovHAHCOd17V7W0umrfx2ErT73,0,1,chiefmodeai,2026-04,2026-04-08T10:40:53.672Z,2026-04-08T10:40:53.583Z,2026-04-08T10:44:04.173Z,uddovHAHCOd17V7W0umrfx2ErT73,ai,subscription,self,mac,"commitment-side-project,employees-0,founders-code-yes,founders-solo,funding-self,platform-mac,revenue-model-subscription,vertical-ai",2026-04-13T21:01:35.536Z
pixreveal,PixReveal,Pixel Guessing Party Game with 5 game modes and online multi,"Inspired by social media posts featuring pixel art being revealed one pixel at a time in a satisfying way, I decided to turn this into a gameplay mechanic. The result is PixReveal. ",https://www.indiehackers.com/product/pixreveal,https://PixReveal.com,https://storage.googleapis.com/indie-hackers.appspot.com/product-avatars/pixreveal/Vwx9f3abcKZI5SD5JOapw5tVcGv1,0,1,,2026-02,2026-04-08T10:15:52.293Z,2026-04-08T10:15:51.065Z,2026-04-08T10:27:39.970Z,Vwx9f3abcKZI5SD5JOapw5tVcGv1,"art,entertainment,games",free,self,"desktop,mobile,web","commitment-side-project,employees-0,founders-code-yes,founders-solo,funding-self,platform-desktop,platform-mobile,platform-web,revenue-model-free,vertical-art,vertical-entertainment,vertical-games",2026-04-13T21:01:35.536Z
tg-cleaner,TG Cleaner,Bulk Leave Telegram Groups & Channels,"I built TG Cleaner after a deeply personal frustration I had joined hundreds of Telegram groups over the years (crypto, dev communities, random hobby groups) and had absolutely no clean way to leave them in bulk.",https://www.indiehackers.com/product/tg-cleaner,https://tgcleaner.com,https://storage.googleapis.com/indie-hackers.appspot.com/product-avatars/tg-cleaner/A7EuTLkDH8hDUQ9mQMGk6iF6Tq83,0,1,,2026-04,2026-04-08T10:04:58.239Z,2026-04-08T10:04:58.108Z,2026-04-08T10:12:34.165Z,A7EuTLkDH8hDUQ9mQMGk6iF6Tq83,"productivity,saas,social-media",subscription,self,web,"commitment-side-project,employees-0,founders-code-yes,founders-solo,funding-self,platform-web,revenue-model-subscription,vertical-productivity,vertical-saas,vertical-social-media",2026-04-13T21:01:35.536Z
shiftarmor,ShiftArmor,"Replace disconnected scheduling, time clocks, and safety","Manufacturers run workforce ops across 4-5 disconnected tools — paper schedules, Excel safety logs, separate time clocks, training binders. I built one platform to replace all of it.",https://www.indiehackers.com/product/shiftarmor,https://www.shiftarmor.net,https://storage.googleapis.com/indie-hackers.appspot.com/product-avatars/shiftarmor/X5lK2kCtzOOnwY1jTiZGUentiPO2,0,1,,2025-09,2026-04-08T09:50:40.484Z,2026-04-08T09:50:41.186Z,2026-04-08T10:01:35.664Z,X5lK2kCtzOOnwY1jTiZGUentiPO2,"analytics,b2b,productivity,saas,task-management",subscription,self,web,"commitment-full-time,employees-under-10,founders-code-yes,founders-solo,funding-self,platform-web,revenue-model-subscription,vertical-analytics,vertical-b2b,vertical-productivity,vertical-saas,vertical-task-management",2026-04-13T21:01:35.536Z
the-domain-hunter,The Domain Hunter,Find expired domains with real SEO value in seconds,I got tired of wasting hours manually checking expired domains across multiple tools only to find they had no real SEO value. I built The Domain Hunter to do the heavy lifting — scoring expired domains by real authority ,https://www.indiehackers.com/product/the-domain-hunter,https://www.thedomainhunter.io,https://storage.googleapis.com/indie-hackers.appspot.com/product-avatars/the-domain-hunter/rh1ci54M4hNgwLhpzXhIzykJiVC2,0,1,,2026-03,2026-04-08T09:31:49.403Z,2026-04-08T09:31:50.070Z,2026-04-09T06:41:29.089Z,rh1ci54M4hNgwLhpzXhIzykJiVC2,"ai,analytics,b2b,data,growth,marketing,saas",subscription,self,web,"commitment-side-project,employees-0,founders-code-yes,founders-solo,funding-self,platform-web,revenue-model-subscription,vertical-ai,vertical-analytics,vertical-b2b,vertical-data,vertical-growth,vertical-marketing,vertical-saas",2026-04-13T21:01:35.536Z
off-path-thailand,Off Path Thailand,"Private, custom Thailand travel designed from local knowledg","Most travel in Thailand today feels increasingly staged — built around the same highlights, designed for photos rather than real experiences. It often misses what actually makes the country special.",https://www.indiehackers.com/product/off-path-thailand,https://www.offpaththailand.com,https://storage.googleapis.com/indie-hackers.appspot.com/product-avatars/off-path-thailand/BXkDjPPmqcSJp79Zf1RuzWKbFrm1,10000,1,deeinthailand,2025-08,2026-04-08T09:27:28.276Z,2026-04-08T09:27:35.061Z,2026-04-08T09:34:08.690Z,BXkDjPPmqcSJp79Zf1RuzWKbFrm1,travel,transactional,bootstrapped,"desktop,mobile,pc,web","commitment-full-time,employees-0,founders-code-no,founders-solo,funding-bootstrapped,platform-desktop,platform-mobile,platform-pc,platform-web,revenue-model-transactional,vertical-travel",2026-04-13T21:01:35.536Z
usvisaphotoai,USVisaPhotoAI,AI-powered US visa & passport photo tool ,"I built USVisaPhotoAI after seeing how many people struggle with getting visa and passport photos accepted. Small mistakes like wrong head size, background issues, or improper alignment often lead to rejections, delays, ",https://www.indiehackers.com/product/usvisaphotoai,https://usvisaphotoai.pro,https://storage.googleapis.com/indie-hackers.appspot.com/product-avatars/usvisaphotoai/f05XVMXHzfMSKhChGpVnxZ2Kg872,18,1,usvisa,2026-02,2026-04-08T09:25:08.174Z,2026-04-08T09:25:07.856Z,2026-04-13T15:29:46.528Z,f05XVMXHzfMSKhChGpVnxZ2Kg872,"growth,saas,transportation,travel",transactional,self,web,"commitment-side-project,employees-10-plus,founders-code-yes,founders-solo,funding-self,platform-web,revenue-model-transactional,vertical-growth,vertical-saas,vertical-transportation,vertical-travel",2026-04-13T21:01:35.536Z
privacypromptai,PrivacyPromptAI,"Clean Any Document for Privacy, Document Privacy Tool","I’m building PrivacyPromptAI because keeping your data private shouldn't be a technical chore. Most people want to share or process documents without leaking sensitive information, but the existing tools are either too c",https://www.indiehackers.com/product/privacypromptai,https://privacypromptai.com,https://storage.googleapis.com/indie-hackers.appspot.com/product-avatars/privacypromptai/4ggXipao1NaqcEn3gdW778OhhYJ2,0,1,,2026-01,2026-04-08T08:58:36.686Z,2026-04-08T14:58:26.229Z,2026-04-12T08:08:35.591Z,4ggXipao1NaqcEn3gdW778OhhYJ2,"ai,b2b,legal,productivity",free,self,"android,browser,desktop,mobile,pc,web","commitment-side-project,employees-10-plus,founders-code-no,founders-solo,funding-self,platform-android,platform-browser,platform-desktop,platform-mobile,platform-pc,platform-web,revenue-model-free,vertical-ai,vertical-b2b,vertical-legal,vertical-productivity",2026-04-13T21:01:35.536Z
baldlooks,BaldLooks,"Hassle free bald look, no shaving required.","""What if I shave and don't love the look?""

Every man faces the same first-shave dillema.

❓Will it look good?
❓Will it suit my face?
❓What if I regret it?

Don't risk a look you're unsure about.",https://www.indiehackers.com/product/baldlooks,https://baldlooks.com,https://storage.googleapis.com/indie-hackers.appspot.com/product-avatars/baldlooks/H4jvfemnWxeYmWALd9s5fza9Xiq1,0,1,st0yanov,2026-03,2026-04-08T08:56:58.268Z,2026-04-08T08:56:58.162Z,2026-04-08T09:08:04.121Z,H4jvfemnWxeYmWALd9s5fza9Xiq1,"ai,fashion,saas,utilities",transactional,self,"mobile,web","commitment-side-project,employees-0,founders-code-yes,founders-solo,funding-self,platform-mobile,platform-web,revenue-model-transactional,vertical-ai,vertical-fashion,vertical-saas,vertical-utilities",2026-04-13T21:01:35.536Z
clapwall,Clapwall,Collect & embed customer testimonials in 5 minutes,"Existing testimonial tools (Senja, Testimonial.to) are great but expensive ($29-50/mo) and English-only. Solo founders and creators in the early stages can't justify that cost.. So here is Clapwall",https://www.indiehackers.com/product/clapwall,https://clapwall.com/,https://storage.googleapis.com/indie-hackers.appspot.com/product-avatars/clapwall/KYp6WuVinkTYI0717DT6Bk249VB3,0,1,,2026-04,2026-04-08T08:53:06.870Z,2026-04-08T08:53:07.565Z,2026-04-09T10:21:01.913Z,KYp6WuVinkTYI0717DT6Bk249VB3,"movies-video,productivity,saas,utilities",subscription,bootstrapped,web,"commitment-side-project,employees-0,founders-code-yes,founders-solo,funding-bootstrapped,platform-web,revenue-model-subscription,vertical-movies-video,vertical-productivity,vertical-saas,vertical-utilities",2026-04-13T21:01:36.765Z
observare,Observare,Bundled ops monitoring for solo devs and small agencies.,"I ran self-hosted servers juggling uptime services, certbot emails, and seperate healthcheck system just to know if things were up. Five logins, five dashboards. Nobody bundled it all at a fair price, so I'm building it.",https://www.indiehackers.com/product/observare,https://observare.co.uk,https://storage.googleapis.com/indie-hackers.appspot.com/product-avatars/observare/YC1zfdwq7tgpir7180fE9kpuBOK2,0,1,ObservareOps,2026-02,2026-04-08T08:28:45.711Z,2026-04-08T08:28:45.650Z,2026-04-13T14:28:55.364Z,YC1zfdwq7tgpir7180fE9kpuBOK2,"b2b,programming,saas,utilities",subscription,"bootstrapped,self","desktop,pc,web","commitment-side-project,employees-0,founders-code-yes,founders-solo,funding-bootstrapped,funding-self,platform-desktop,platform-pc,platform-web,revenue-model-subscription,vertical-b2b,vertical-programming,vertical-saas,vertical-utilities",2026-04-13T21:01:36.765Z
saunametrics,SaunaMetrics,Free sauna routine tracking.,"Sauna was the one thing I couldn't track properly because there wasn't a convenient app for that. 😔

As a heavy sauna user, I designed a tool that actually works for a real routine. That's how SaunaMetrics was born. 📈",https://www.indiehackers.com/product/saunametrics,https://saunametrics.com,https://storage.googleapis.com/indie-hackers.appspot.com/product-avatars/saunametrics/H4jvfemnWxeYmWALd9s5fza9Xiq1,0,1,st0yanov,2026-02,2026-04-08T08:25:51.018Z,2026-04-08T08:25:50.921Z,2026-04-08T08:32:24.868Z,H4jvfemnWxeYmWALd9s5fza9Xiq1,"analytics,data,health-fitness",free,self,"mobile,web","commitment-side-project,employees-0,founders-code-yes,founders-solo,funding-self,platform-mobile,platform-web,revenue-model-free,vertical-analytics,vertical-data,vertical-health-fitness",2026-04-13T21:01:36.765Z
janushermes,JanusHermes,"Find, compare & invest in real estate across 50+ countries","Cross-border property buying is fragmented — scattered listings, language barriers, no transparency on costs or regulations. I built JanusHermes to bring everything into one platform for anyone looking to invest, relocat",https://www.indiehackers.com/product/janushermes,https://janushermes.com,https://storage.googleapis.com/indie-hackers.appspot.com/product-avatars/janushermes/n4Avg1v3dCMF7eYKJnxMCU5YrRQ2,0,1,,2025-08,2026-04-08T08:21:32.273Z,2026-04-08T08:21:31.505Z,2026-04-08T08:27:01.172Z,n4Avg1v3dCMF7eYKJnxMCU5YrRQ2,"ai,b2c,investing,marketplaces,navigation-mapping,real-estate,saas","commission,partnerships,subscription",bootstrapped,web,"commitment-side-project,employees-under-10,founders-code-yes,founders-solo,funding-bootstrapped,platform-web,revenue-model-commission,revenue-model-partnerships,revenue-model-subscription,vertical-ai,vertical-b2c,vertical-investing,vertical-marketplaces,vertical-navigation-mapping,vertical-real-estate,vertical-saas",2026-04-13T21:01:36.765Z
milestoneos,MilestoneOS,Your command center for progress.,"MilestoneOS exists because most people stay busy but don’t make real, visible progress. It’s easy to spend months working without anything concrete to show for it.

I’m building MilestoneOS to create accountability-first",https://www.indiehackers.com/product/milestoneos,https://www.travelwisesafari.com/,https://storage.googleapis.com/indie-hackers.appspot.com/product-avatars/milestoneos/hxvjEWfvn2YafYcb9ePCV2XGW1N2,200,1,,2026-01,2026-04-08T07:33:21.337Z,2026-04-08T07:33:19.417Z,2026-04-08T07:41:03.131Z,hxvjEWfvn2YafYcb9ePCV2XGW1N2,"productivity,saas","advertising,subscription",self,pc,"commitment-full-time,employees-under-10,founders-code-yes,founders-solo,funding-self,platform-pc,revenue-model-advertising,revenue-model-subscription,vertical-productivity,vertical-saas",2026-04-13T21:01:36.765Z
movie-finder-tool,Movie Finder Tool,Movie Finder Tool,"It exists to provide a fast, clean, and user-friendly way for movie enthusiasts to find their favorite films and explore new content easily.",https://www.indiehackers.com/product/movie-finder-tool,https://movieboxapkhub.com/find-movie-tool/,https://storage.googleapis.com/indie-hackers.appspot.com/product-avatars/movie-finder-tool/aIxcy7CJJuNQJH9wNMb0vi4IobB3,1,1,BoxApk89734,2026-02,2026-04-08T07:29:20.292Z,2026-04-08T07:29:20.428Z,2026-04-08T07:45:02.406Z,aIxcy7CJJuNQJH9wNMb0vi4IobB3,"movies-video,open-source,saas,social-media",free,bootstrapped,"android,desktop,ios,mobile,pc","commitment-full-time,employees-0,founders-code-yes,founders-solo,funding-bootstrapped,platform-android,platform-desktop,platform-ios,platform-mobile,platform-pc,revenue-model-free,vertical-movies-video,vertical-open-source,vertical-saas,vertical-social-media",2026-04-13T21:01:36.765Z
sbom-archi-5,SBOM Archi,SBOM Risk Management for the Software Supply Chain,"Most SBOM tools today focus on generating reports, but in reality, teams struggle to continuously manage and act on the risks those reports reveal.

As software supply chains become more complex and regulations like CRA ",https://www.indiehackers.com/product/sbom-archi-5,https://sbomarchi.us/,https://storage.googleapis.com/indie-hackers.appspot.com/product-avatars/sbom-archi-5/dqhDyfNr1aMDnncRsfoLC0cScZC3,0,1,,2026-01,2026-04-08T07:11:41.507Z,2026-04-08T07:11:36.758Z,2026-04-08T07:16:11.891Z,dqhDyfNr1aMDnncRsfoLC0cScZC3,"b2b,programming,saas",subscription,bootstrapped,web,"commitment-full-time,employees-50-plus,founder-multi,founders-code-yes,funding-bootstrapped,platform-web,revenue-model-subscription,vertical-b2b,vertical-programming,vertical-saas",2026-04-13T21:01:36.765Z
feedboss-ai,FEEDBOSS AI,All-in-one LinkedIn growth assistant for creators & agencies,"FeedBoss is an AI-powered LinkedIn growth platform featuring post generation, carousel creation, content repurposing, scheduling, analytics, and personalized writing based on your voice. It also supports collaboration, m",https://www.indiehackers.com/product/feedboss-ai,https://feedboss.ai/,https://storage.googleapis.com/indie-hackers.appspot.com/product-avatars/feedboss-ai/phCbkbZNU9YhFpgMA7XiGdjLsdu1,101,1,,2025-01,2026-04-08T06:57:26.112Z,2026-04-08T06:57:22.374Z,2026-04-10T16:23:36.774Z,phCbkbZNU9YhFpgMA7XiGdjLsdu1,"ai,apis,growth,open-source,productivity,saas,task-management",subscription,"bootstrapped,self","android,browser,desktop,ios,mac,mobile,pc,web","commitment-full-time,employees-under-10,founder-multi,founders-code-yes,funding-bootstrapped,funding-self,platform-android,platform-browser,platform-desktop,platform-ios,platform-mac,platform-mobile,platform-pc,platform-web,revenue-model-subscription,vertical-ai,vertical-apis,vertical-growth,vertical-open-source,vertical-productivity,vertical-saas,vertical-task-management",2026-04-13T21:01:36.765Z
pentestpro,PentestPro,Automated penetration testing for Your Business,I built PentestPro because the security industry charges $15K to run tools you can automate. So I automated them.,https://www.indiehackers.com/product/pentestpro,https://pentestpro.app/,https://storage.googleapis.com/indie-hackers.appspot.com/product-avatars/pentestpro/QkJu0hhGeDRJ9cQoUXZrgpt0b4v2,25000,1,,2026-01,2026-04-08T05:20:15.184Z,2026-04-08T05:20:14.772Z,2026-04-08T05:29:13.058Z,QkJu0hhGeDRJ9cQoUXZrgpt0b4v2,privacy-security,subscription,self,web,"commitment-full-time,employees-under-10,founders-code-yes,founders-solo,funding-self,platform-web,revenue-model-subscription,vertical-privacy-security",2026-04-13T21:01:36.765Z
sunrise-alarm-for-smart-lights,Sunrise Alarm for Smart Lights,Turn your HomeKit lights into a gradual sunrise alarm,"I got tired of waking up to a phone alarm and wanted a sunrise alarm clock, but every dedicated device costs $150-200 and the apps that exist charge a monthly subscription.",https://www.indiehackers.com/product/sunrise-alarm-for-smart-lights,https://apps.apple.com/us/app/id6753123163,https://storage.googleapis.com/indie-hackers.appspot.com/product-avatars/sunrise-alarm-for-smart-lights/gWIxwHThbSQqlQWfzinveti8v693,1200,1,,2025-10,2026-04-08T04:31:20.893Z,2026-04-08T04:31:20.865Z,2026-04-08T04:35:35.288Z,gWIxwHThbSQqlQWfzinveti8v693,"health-fitness,home-automation,utilities",transactional,bootstrapped,ios,"commitment-side-project,employees-0,founders-code-yes,founders-solo,funding-bootstrapped,platform-ios,revenue-model-transactional,vertical-health-fitness,vertical-home-automation,vertical-utilities",2026-04-13T21:01:36.765Z
buildfeed,Buildfeed,Post what you're building. Instantly.,I built Buildfeed because I kept running into the same problem: it is surprisingly hard to share what you are building without friction.,https://www.indiehackers.com/product/buildfeed,https://buildfeed.co,https://storage.googleapis.com/indie-hackers.appspot.com/product-avatars/buildfeed/piti5X4784ZzQNp8muLZW1JDnAq1,0,1,,2026-03,2026-04-08T03:44:28.654Z,2026-04-08T03:44:28.459Z,2026-04-08T03:54:35.542Z,piti5X4784ZzQNp8muLZW1JDnAq1,"advertising,communication,community,marketing,saas,social-media","free,subscription,transactional",self,"android,desktop,ios,mac,mobile,pc,web","commitment-side-project,employees-0,founders-code-yes,founders-solo,funding-self,platform-android,platform-desktop,platform-ios,platform-mac,platform-mobile,platform-pc,platform-web,revenue-model-free,revenue-model-subscription,revenue-model-transactional,vertical-advertising,vertical-communication,vertical-community,vertical-marketing,vertical-saas,vertical-social-media",2026-04-13T21:01:36.765Z
buntuspaces,BuntuSpaces,Reimagine spaces with AI,"I found myself using AI image models to reimagine buildings and spaces when I was traveling to Senegal, West Africa. When I got back to the states I figured I build something better to cater to my needs",https://www.indiehackers.com/product/buntuspaces,https://www.buntuspaces.com/,https://storage.googleapis.com/indie-hackers.appspot.com/product-avatars/buntuspaces/DSf3JvUkfKhtROtPxSHFYYXVPCJ2,0,1,,2026-04,2026-04-08T02:51:45.217Z,2026-04-08T02:51:45.190Z,2026-04-08T02:56:48.787Z,DSf3JvUkfKhtROtPxSHFYYXVPCJ2,"ai,b2c,design,real-estate,saas",subscription,self,"ios,web","commitment-side-project,employees-0,founders-code-yes,founders-solo,funding-self,platform-ios,platform-web,revenue-model-subscription,vertical-ai,vertical-b2c,vertical-design,vertical-real-estate,vertical-saas",2026-04-13T21:01:36.765Z
grand-moments,Grand Moments,Activities for Every Generation,"Connecting across generations is the most human thing we do.  Create , do , and record activities together . Your digital scrapbook lets you log every moment — never forget those grand moments again. ",https://www.indiehackers.com/product/grand-moments,https://grandmomentsapp.com/,https://storage.googleapis.com/indie-hackers.appspot.com/product-avatars/grand-moments/ylbj24ZaxdgZ6KsPllmqQUFBj0n1,0,1,,2026-03,2026-04-08T02:40:37.324Z,2026-04-08T02:40:37.236Z,2026-04-08T03:13:47.191Z,ylbj24ZaxdgZ6KsPllmqQUFBj0n1,"ai,b2c,communication,community,education,entertainment,kids,outdoors",transactional,self,"mobile,web","commitment-side-project,employees-0,founders-code-no,founders-solo,funding-self,platform-mobile,platform-web,revenue-model-transactional,vertical-ai,vertical-b2c,vertical-communication,vertical-community,vertical-education,vertical-entertainment,vertical-kids,vertical-outdoors",2026-04-13T21:01:36.765Z
conviction-app,Conviction App,Know what to buy. Know what to sell.,"I've been trading crypto for 5 years. The problem I kept running into wasn't picking bad projects — it was never having a clear system for choosing between them.
So I built a tool to fix it. It's called Conviction.
",https://www.indiehackers.com/product/conviction-app,https://x.com/conviction_app,https://storage.googleapis.com/indie-hackers.appspot.com/product-avatars/conviction-app/FTwQ6TvGnTdJgL52fXdl7wW36sg1,0,1,,2026-03,2026-04-08T02:20:36.008Z,2026-04-08T02:20:35.859Z,2026-04-11T00:15:40.261Z,FTwQ6TvGnTdJgL52fXdl7wW36sg1,"cryptocurrency,saas",subscription,self,,"commitment-side-project,employees-0,founders-code-yes,founders-solo,funding-self,revenue-model-subscription,vertical-cryptocurrency,vertical-saas",2026-04-13T21:01:36.765Z
image-size-finder,Image Size Finder,"A free, privacy-first online image dimensions analysis tool.","I built a free image analysis tool that runs entirely in your browser. No uploads, no accounts. Free browser-based image analyzer — check dimensions, EXIF, GPS, DPI, and colors without uploading your files.",https://www.indiehackers.com/product/image-size-finder,https://imagesizefinder.com,https://storage.googleapis.com/indie-hackers.appspot.com/product-avatars/image-size-finder/cQWicnixlXUfb7cmhxtqnOstap12,0,1,,2025-07,2026-04-08T01:46:18.291Z,2026-04-08T01:46:18.067Z,2026-04-08T01:52:56.600Z,cQWicnixlXUfb7cmhxtqnOstap12,"design,legal,photography,privacy-security",advertising,bootstrapped,web,"commitment-side-project,employees-under-10,founders-code-yes,founders-solo,funding-bootstrapped,platform-web,revenue-model-advertising,vertical-design,vertical-legal,vertical-photography,vertical-privacy-security",2026-04-13T21:01:36.765Z
rey,REY,Turn your actions into incentives on autopilot.,The internet became a machine that extracts from humans. We built the machine that compounds for them.,https://www.indiehackers.com/product/rey,https://rey.xyz,https://storage.googleapis.com/indie-hackers.appspot.com/product-avatars/rey/VivcHtk2LyTXnMk2klNATulhrLP2,75000,1,reydotxyz,2023-01,2026-04-08T01:05:22.894Z,2026-04-08T01:05:22.691Z,2026-04-08T01:16:44.840Z,VivcHtk2LyTXnMk2klNATulhrLP2,"ai,b2b,b2c,community,cryptocurrency,marketing","advertising,transactional","bootstrapped,crowd,self","android,desktop,ios,mac,mobile,pc,web","commitment-full-time,employees-10-plus,founder-multi,founders-code-yes,funding-bootstrapped,funding-crowd,funding-self,platform-android,platform-desktop,platform-ios,platform-mac,platform-mobile,platform-pc,platform-web,revenue-model-advertising,revenue-model-transactional,vertical-ai,vertical-b2b,vertical-b2c,vertical-community,vertical-cryptocurrency,vertical-marketing",2026-04-13T21:01:36.765Z
wrlds,Wrlds,link-in-bio tool where your page is a customizable 3D planet,"Because the internet used to be fun and personal, and somewhere along the way it became a grid of identical templates.

I built wrlds.bio because your identity is not a list. It's a world. ",https://www.indiehackers.com/product/wrlds,https://wrlds.bio,https://storage.googleapis.com/indie-hackers.appspot.com/product-avatars/wrlds/aTdVIiTGQdZ962q4AtsjhtRlsjs2,0,1,wrldsbio,2025-12,2026-04-08T00:00:23.480Z,2026-04-08T00:00:24.251Z,2026-04-08T00:05:16.865Z,aTdVIiTGQdZ962q4AtsjhtRlsjs2,"advertising,data,e-commerce,growth,marketing,payments,professional-services,social-media",subscription,self,"android,desktop,ios,mac,mobile,pc,web","commitment-side-project,employees-0,founders-code-yes,founders-solo,funding-self,platform-android,platform-desktop,platform-ios,platform-mac,platform-mobile,platform-pc,platform-web,revenue-model-subscription,vertical-advertising,vertical-data,vertical-e-commerce,vertical-growth,vertical-marketing,vertical-payments,vertical-professional-services,vertical-social-media",2026-04-13T21:01:36.765Z
trakly,Trakly,Your stats. Your card. Your deals.,"Started an influencer agency a few months ago and realised how bad creator stats are for brands.

So I built something to make it easier — and help creators get better deals.",https://www.indiehackers.com/product/trakly,https://www.trytrakly.com/,https://storage.googleapis.com/indie-hackers.appspot.com/product-avatars/trakly/rVGFTCwZHNQDemR48hW06dlM7uJ3,0,1,liamhanniganio,2026-04,2026-04-07T22:21:41.579Z,2026-04-07T22:21:41.431Z,2026-04-07T22:39:51.777Z,rVGFTCwZHNQDemR48hW06dlM7uJ3,"b2c,design,saas","commission,subscription",self,"android,desktop,mac,mobile,pc,web","commitment-side-project,employees-0,founders-code-no,founders-solo,funding-self,platform-android,platform-desktop,platform-mac,platform-mobile,platform-pc,platform-web,revenue-model-commission,revenue-model-subscription,vertical-b2c,vertical-design,vertical-saas,stripe-verified-revenue",2026-04-13T21:01:36.765Z
four-leaf,Four-Leaf,"AI voice interviews, resume tailoring, and negotiation coach","Four-Leaf is an AI-powered career preparation platform that organizes everything around each job application. Run voice mock interviews to practice speaking under pressure, not just typing answers. Tailor your resume and",https://www.indiehackers.com/product/four-leaf,https://four-leaf.ai,https://storage.googleapis.com/indie-hackers.appspot.com/product-avatars/four-leaf/6x1KgUOHXdPtQYbgaURxbqkFX7D3,0,1,FourLeaf_AI,2026-03,2026-04-07T20:59:25.122Z,2026-04-07T20:59:25.053Z,2026-04-07T21:09:45.149Z,6x1KgUOHXdPtQYbgaURxbqkFX7D3,"ai,jobs-hiring,professional-services",subscription,self,desktop,"commitment-side-project,employees-0,founders-code-yes,founders-solo,funding-self,platform-desktop,revenue-model-subscription,vertical-ai,vertical-jobs-hiring,vertical-professional-services",2026-04-13T21:01:36.765Z
settilo,Settilo,Neighborhood data for home buyers who do their research.,"I moved countries twice and each time had the same problem — no way to understand a neighborhood before committing to it. Listings everywhere, zero neighborhood insight. We're fixing that with real data.",https://www.indiehackers.com/product/settilo,https://settilo.com/,https://storage.googleapis.com/indie-hackers.appspot.com/product-avatars/settilo/Rx2lCDS2EqgBUe950Ua7nt10BCF2,0,1,getsettilo,2026-03,2026-04-07T19:35:58.083Z,2026-04-07T19:35:58.346Z,2026-04-07T19:57:31.819Z,Rx2lCDS2EqgBUe950Ua7nt10BCF2,"analytics,b2b,b2c,data,real-estate,saas","subscription,transactional",bootstrapped,web,"commitment-full-time,employees-0,founder-multi,founders-code-yes,funding-bootstrapped,platform-web,revenue-model-subscription,revenue-model-transactional,vertical-analytics,vertical-b2b,vertical-b2c,vertical-data,vertical-real-estate,vertical-saas",2026-04-13T21:01:36.765Z
smart-ai-runner,Smart AI Runner+,"GPT-4 API with billing, quotas, and a marketing launch tool","I created the Smart AI Runner+ to simplify the creation, enhancement and repair of apps for Novice Developers, Pro Developers and Development teams. My motivation comes from knowing that I can help others succeed.",https://www.indiehackers.com/product/smart-ai-runner,https://cortex-runner-private.onrender.com,https://storage.googleapis.com/indie-hackers.appspot.com/product-avatars/smart-ai-runner/4JUyGtMvLoRroVThJ5I9ZWfgETa2,0,1,rocketdrummer46,2025-10,2026-04-07T19:10:46.466Z,2026-04-07T19:10:46.386Z,2026-04-07T20:26:37.416Z,4JUyGtMvLoRroVThJ5I9ZWfgETa2,"advertising,ai,analytics,apis,email-marketing,growth,marketing,marketplaces,payments,productivity,professional-services,programming,saas,sales,social-media,task-management,utilities",subscription,self,"android,browser,desktop,ios,mac,mobile,pc,web","commitment-full-time,employees-0,founders-code-yes,founders-solo,funding-self,platform-android,platform-browser,platform-desktop,platform-ios,platform-mac,platform-mobile,platform-pc,platform-web,revenue-model-subscription,vertical-advertising,vertical-ai,vertical-analytics,vertical-apis,vertical-email-marketing,vertical-growth,vertical-marketing,vertical-marketplaces,vertical-payments,vertical-productivity,vertical-professional-services,vertical-programming,vertical-saas,vertical-sales,vertical-social-media,vertical-task-management,vertical-utilities",2026-04-13T21:01:36.765Z
stratgen,StratGen,AI-Powered SEO Strategy Platform,"SEO teams waste hours switching between tools to analyze competitors, find keywords, and plan content. StratGen exists to automate that entire pipeline with AI, so teams can focus on creating great content instead of dro",https://www.indiehackers.com/product/stratgen,https://stratgen.fr,https://storage.googleapis.com/indie-hackers.appspot.com/product-avatars/stratgen/xlc2f9RdtuRu3xh4nQSUSSxeoYk2,0,1,usestratgen,2026-02,2026-04-07T18:49:54.103Z,2026-04-07T18:49:51.710Z,2026-04-07T18:55:19.935Z,xlc2f9RdtuRu3xh4nQSUSSxeoYk2,"ai,analytics,b2b,content,marketing,saas",subscription,"seed,self",web,"commitment-full-time,employees-under-10,founders-code-yes,founders-solo,funding-seed,funding-self,platform-web,revenue-model-subscription,vertical-ai,vertical-analytics,vertical-b2b,vertical-content,vertical-marketing,vertical-saas",2026-04-13T21:01:36.765Z
kronos,Kronos,Banking & Crypto App for Gig Workers,"Gig workers juggle 3-4 different apps just to manage their money — one for banking, one for crypto, one for pay advances. We built Kronos to put it all in one place with zero fees.",https://www.indiehackers.com/product/kronos,https://getkronos.io,https://storage.googleapis.com/indie-hackers.appspot.com/product-avatars/kronos/keM6SGRk3PbpGxI9N5nlLTZ55Fo1,0,1,getkronos,2026-03,2026-04-07T18:33:16.891Z,2026-04-07T18:33:16.858Z,2026-04-13T14:32:59.287Z,keM6SGRk3PbpGxI9N5nlLTZ55Fo1,"ai,cryptocurrency,finance,investing,payments,web3",subscription,"bootstrapped,self",ios,"commitment-full-time,employees-under-10,founders-code-yes,founders-solo,funding-bootstrapped,funding-self,platform-ios,revenue-model-subscription,vertical-ai,vertical-cryptocurrency,vertical-finance,vertical-investing,vertical-payments,vertical-web3",2026-04-13T21:01:36.765Z
sitesplaced,Sitesplaced,"No-code website builder for portfolios, stores & resumes","Build a high-conversion portfolio or online store with AI-generated content. Templates for freelancers, photographers, developers, accountants & small businesses. Go live in 2 minutes. No coding. Publish from under 5$",https://www.indiehackers.com/product/sitesplaced,https://www.sitesplaced.com,https://storage.googleapis.com/indie-hackers.appspot.com/product-avatars/sitesplaced/rxTN9Cu9KOWJhTs01iWu4uvx7rl2,10,1,,2025-02,2026-04-07T18:21:05.376Z,2026-04-07T18:21:05.220Z,2026-04-07T18:23:42.666Z,rxTN9Cu9KOWJhTs01iWu4uvx7rl2,"ai,e-commerce,wordpress",subscription,bootstrapped,"desktop,web","commitment-side-project,employees-under-10,founders-code-yes,founders-solo,funding-bootstrapped,platform-desktop,platform-web,revenue-model-subscription,vertical-ai,vertical-e-commerce,vertical-wordpress",2026-04-13T21:01:36.765Z
the-baker,The Baker,Precision calculators & multi-step timers for artisan bakers,"I owned a artisnal bakery for the past 3 years, and decided to get back to the tech industry. As a professional baker I struggled with the existing mobile tools related to baking, and decided to create one on my own.",https://www.indiehackers.com/product/the-baker,https://play.google.com/store/apps/details?id=com.indiedesert.thebaker,https://storage.googleapis.com/indie-hackers.appspot.com/product-avatars/the-baker/oS9SLPMSckQOPLKhqn0XG3yRzDc2,0,1,,2026-01,2026-04-07T18:19:12.893Z,2026-04-07T18:19:13.207Z,2026-04-07T18:41:58.589Z,oS9SLPMSckQOPLKhqn0XG3yRzDc2,"food-drinks,productivity",subscription,self,"android,mobile","commitment-full-time,employees-0,founders-code-yes,founders-solo,funding-self,platform-android,platform-mobile,revenue-model-subscription,vertical-food-drinks,vertical-productivity",2026-04-13T21:01:36.765Z
pro-business-directory,Pro Business Directory,Business directory for trusted companies,"To give businesses a cleaner, more credible place to be discovered.",https://www.indiehackers.com/product/pro-business-directory,https://www.probusinessdirectory.com/,https://storage.googleapis.com/indie-hackers.appspot.com/product-avatars/pro-business-directory/6i0oQX05IPO6LKFJSfgVKdeCp5z2,500,1,,2025-11,2026-04-07T17:47:58.686Z,2026-04-07T17:47:56.284Z,2026-04-07T17:55:03.325Z,6i0oQX05IPO6LKFJSfgVKdeCp5z2,"advertising,b2b,b2c,content,e-commerce,growth,marketing,news-magazines,professional-services,sales,social-media","advertising,consulting,subscription",self,,"commitment-side-project,employees-under-10,founders-code-yes,founders-solo,funding-self,revenue-model-advertising,revenue-model-consulting,revenue-model-subscription,vertical-advertising,vertical-b2b,vertical-b2c,vertical-content,vertical-e-commerce,vertical-growth,vertical-marketing,vertical-news-magazines,vertical-professional-services,vertical-sales,vertical-social-media",2026-04-13T21:01:36.765Z
pulse-workout-tracker,Pulse - Workout Tracker,Log workouts fast. See progress clearly,"Every app I tried was bloated with social feeds, challenges, and onboarding flows that took longer than my warmup. I just wanted to log my sets, track my progress, and get back to lifting.

So I built Pulse.",https://www.indiehackers.com/product/pulse-workout-tracker,https://www.pulsefitness.io/,https://storage.googleapis.com/indie-hackers.appspot.com/product-avatars/pulse-workout-tracker/7EqofG206gTt1ww6VHgDZVJZJpE2,0,1,,2026-01,2026-04-07T17:01:27.480Z,2026-04-07T17:01:27.278Z,2026-04-07T17:08:30.998Z,7EqofG206gTt1ww6VHgDZVJZJpE2,"b2c,health-fitness,outdoors,productivity,sports,wearables",subscription,self,ios,"commitment-side-project,employees-0,founders-code-yes,founders-solo,funding-self,platform-ios,revenue-model-subscription,vertical-b2c,vertical-health-fitness,vertical-outdoors,vertical-productivity,vertical-sports,vertical-wearables",2026-04-13T21:01:36.765Z
amplifyzone,Amplifyzone,AI-powered short video scripting and automation for creators,"I built Amplify to solve my own struggle with creating TikTok scripts. It uses a custom AI workflow to turn stories into high-converting video hooks.""",https://www.indiehackers.com/product/amplifyzone,https://amplifyzone.net/,https://storage.googleapis.com/indie-hackers.appspot.com/product-avatars/amplifyzone/5UdjIHNidFhtQbgJ0CQFa5S2jMA3,0,1,,2025-11,2026-04-07T16:14:30.706Z,2026-04-07T16:14:28.779Z,2026-04-07T16:21:55.865Z,5UdjIHNidFhtQbgJ0CQFa5S2jMA3,"ai,marketing,movies-video,saas,social-media",subscription,self,web,"commitment-full-time,employees-under-10,founders-code-no,founders-solo,funding-self,platform-web,revenue-model-subscription,vertical-ai,vertical-marketing,vertical-movies-video,vertical-saas,vertical-social-media",2026-04-13T21:01:36.765Z
archon-specs,Archon Specs,AI backend generator that doesn't hallucinate,"I built Archon Specs because I realized that current AI coding assistants don't solve the hardest part of software engineering, they skip it.",https://www.indiehackers.com/product/archon-specs,https://archonspecs.dev,https://storage.googleapis.com/indie-hackers.appspot.com/product-avatars/archon-specs/IRWrV03PuYat0riFx6wSHtRm9DB3,0,1,hernanhumanadev,2026-01,2026-04-07T16:12:55.815Z,2026-04-07T16:12:55.714Z,2026-04-07T16:32:39.386Z,IRWrV03PuYat0riFx6wSHtRm9DB3,"ai,apis,b2b,programming,saas,utilities",free,self,"desktop,mac,pc,web","commitment-side-project,employees-0,founders-code-yes,founders-solo,funding-self,platform-desktop,platform-mac,platform-pc,platform-web,revenue-model-free,vertical-ai,vertical-apis,vertical-b2b,vertical-programming,vertical-saas,vertical-utilities",2026-04-13T21:01:36.765Z
gigledger,GIgledger,"Freelancer suit - create invoices, contracts & track hours","There are clutters of invoice makers, fewer contract makers, & even fewer CMS, for freelancers. With Gigledger, we have a free all in one tool, to track project hours, track clients history, make invoices & contracts.",https://www.indiehackers.com/product/gigledger,https://www.gigledgers.com/,https://storage.googleapis.com/indie-hackers.appspot.com/product-avatars/gigledger/AClUp3SMrKb6OJjOBU7wqF2L6SE2,1000,1,arjunp,2026-04,2026-04-07T16:00:47.705Z,2026-04-07T16:00:46.344Z,2026-04-07T16:51:56.747Z,AClUp3SMrKb6OJjOBU7wqF2L6SE2,"books,saas,task-management",free,bootstrapped,web,"commitment-side-project,employees-0,founders-code-no,founders-solo,funding-bootstrapped,platform-web,revenue-model-free,vertical-books,vertical-saas,vertical-task-management",2026-04-13T21:01:36.765Z
sitemd-cc,sitemd.cc,website building toolkit for AI coding agents,"I used low/no-code website builders for years, and while they work, now I'd rather build sites with Claude. But I still want a full system with guardrails, best practices, and integrations, so Claude and I built it.",https://www.indiehackers.com/product/sitemd-cc,https://sitemd.cc,https://storage.googleapis.com/indie-hackers.appspot.com/product-avatars/sitemd-cc/XOD6LelncDN6u3lwdG4VVzmIVdh1,0,1,sitemd_cc,2026-01,2026-04-07T15:50:55.695Z,2026-04-07T15:50:55.662Z,2026-04-08T21:00:00.281Z,XOD6LelncDN6u3lwdG4VVzmIVdh1,"ai,marketing,saas,web3,wordpress",subscription,self,"desktop,web","commitment-full-time,employees-0,founders-code-yes,founders-solo,funding-self,platform-desktop,platform-web,revenue-model-subscription,vertical-ai,vertical-marketing,vertical-saas,vertical-web3,vertical-wordpress",2026-04-13T21:01:36.765Z
acquireyet,Acquireyet,Buy and sell websites easily — without brokers or complexity,"AcquireYet is a simple marketplace for buying and selling websites, built specifically for indie makers, bootstrappers, and small business owners.",https://www.indiehackers.com/product/acquireyet,https://www.acquireyet.com,https://storage.googleapis.com/indie-hackers.appspot.com/product-avatars/acquireyet/cRHhxGc7JvMfB8by7cD7jwvsOiA3,600,1,acquireyetz,2024-01,2026-04-07T14:14:04.011Z,2026-04-07T14:14:01.875Z,2026-04-08T09:55:47.556Z,cRHhxGc7JvMfB8by7cD7jwvsOiA3,"community,marketplaces,saas",commission,bootstrapped,web,"commitment-side-project,employees-0,founders-code-yes,founders-solo,funding-bootstrapped,platform-web,revenue-model-commission,vertical-community,vertical-marketplaces,vertical-saas",2026-04-13T21:01:36.765Z
monitory,Monitory,OSINT-ready social media and websites monitoring.,"I was tired of manually checking if social media profiles changed or if someone posted something new. I tried cron jobs and custom scripts but they kept breaking. So I built a proper platform: pick a profile or URL, and ",https://www.indiehackers.com/product/monitory,https://monitory.me/,https://storage.googleapis.com/indie-hackers.appspot.com/product-avatars/monitory/6qVecij1UwSKdoS7ZZPFbo1Itjc2,100,1,Monitory_,2025-01,2026-04-07T14:12:11.965Z,2026-04-07T14:12:11.828Z,2026-04-07T14:54:58.472Z,6qVecij1UwSKdoS7ZZPFbo1Itjc2,"analytics,data,investing,marketing,privacy-security,professional-services",subscription,self,"pc,web","commitment-side-project,employees-under-10,founder-multi,founders-code-yes,funding-self,platform-pc,platform-web,revenue-model-subscription,vertical-analytics,vertical-data,vertical-investing,vertical-marketing,vertical-privacy-security,vertical-professional-services",2026-04-13T21:01:36.765Z
zerentry,Zerentry,Automate receipt & invoice extraction with AI,"I started building Zerentry because I was frustrated with how much time people still spend manually handling receipts and invoices. Even with modern accounting tools, collecting documents, extracting data, and organizing",https://www.indiehackers.com/product/zerentry,https://zerentry.com,https://storage.googleapis.com/indie-hackers.appspot.com/product-avatars/zerentry/V0j8YYWaNnXEvZJsmuY750Jlals2,0,1,,2025-01,2026-04-07T13:36:41.981Z,2026-04-07T13:36:41.903Z,2026-04-12T08:38:17.204Z,V0j8YYWaNnXEvZJsmuY750Jlals2,"ai,analytics,apis,b2b,b2c,data,productivity,saas","consulting,subscription",bootstrapped,"desktop,mobile","commitment-side-project,employees-under-10,founders-code-yes,founders-solo,funding-bootstrapped,platform-desktop,platform-mobile,revenue-model-consulting,revenue-model-subscription,vertical-ai,vertical-analytics,vertical-apis,vertical-b2b,vertical-b2c,vertical-data,vertical-productivity,vertical-saas,stripe-verified-revenue",2026-04-13T21:01:36.765Z
newsletify-newsletter-sponsorship-marketplace,Newsletify - Newsletter Sponsorship Marketplace,Connecting advertisers with newsletter audiences,We built Newsletify because we kept seeing the same problem everywhere in the newsletter space: great audiences with no clear way to monetize them.,https://www.indiehackers.com/product/newsletify-newsletter-sponsorship-marketplace,https://newsletify.com/,https://storage.googleapis.com/indie-hackers.appspot.com/product-avatars/newsletify-newsletter-sponsorship-marketplace/HlgAi62Xf2dlN2P8V1CjPagf8vD2,10,1,Newsletify,2026-03,2026-04-07T13:35:06.406Z,2026-04-07T13:35:06.679Z,2026-04-07T13:38:13.544Z,HlgAi62Xf2dlN2P8V1CjPagf8vD2,"advertising,email-marketing,marketplaces",transactional,self,"mobile,web","commitment-full-time,employees-under-10,founder-multi,founders-code-no,funding-self,platform-mobile,platform-web,revenue-model-transactional,vertical-advertising,vertical-email-marketing,vertical-marketplaces",2026-04-13T21:01:36.765Z
lyria-3-pro-2,Lyria 3 Pro - Premier AI Song & Music Generator,"Turn any text prompt or photo into a studio-quality, royalty","I built Lyria 3 Pro because I saw content creators, indie game developers, and filmmakers constantly struggling with two massive roadblocks: finding the perfect background music to match their visual vibe, and the consta",https://www.indiehackers.com/product/lyria-3-pro-2,https://lyria3.pro,https://storage.googleapis.com/indie-hackers.appspot.com/product-avatars/lyria-3-pro-2/k91fRtUBWsaRLpxAxLWxRQ4CnwF2,100,1,,2026-02,2026-04-07T13:19:44.242Z,2026-04-07T13:19:44.067Z,2026-04-07T13:29:02.041Z,k91fRtUBWsaRLpxAxLWxRQ4CnwF2,"ai,movies-video,saas",subscription,accelerator,web,"commitment-full-time,employees-under-10,founders-code-yes,founders-solo,funding-accelerator,platform-web,revenue-model-subscription,vertical-ai,vertical-movies-video,vertical-saas",2026-04-13T21:01:36.765Z
prompeplan,Prompeplan,"Turn simple prompts into advanced, powerful and client-ready",Prompeplan is an advanced AI prompt enhancer that turns low-detail ideas into professional-level prompts for all types of outputs. It will be a game changer soon in the 1B$ market due to high quality results.,https://www.indiehackers.com/product/prompeplan,https://prompeplan.appwrite.network,https://storage.googleapis.com/indie-hackers.appspot.com/product-avatars/prompeplan/F72POQ3OkTOZI8aipSlvdjUmCj02,0,1,,2026-01,2026-04-07T13:09:53.942Z,2026-04-07T13:09:47.762Z,2026-04-07T13:28:23.920Z,F72POQ3OkTOZI8aipSlvdjUmCj02,"ai,data,programming,saas,science-engineering,writing","free,subscription",self,web,"commitment-full-time,employees-10-plus,founders-code-yes,founders-solo,funding-self,platform-web,revenue-model-free,revenue-model-subscription,vertical-ai,vertical-data,vertical-programming,vertical-saas,vertical-science-engineering,vertical-writing",2026-04-13T21:01:36.765Z
kaiki,Kaiki,AI warranty claims autopilot for e-commerce brands,"E-commerce brands waste hours manually processing warranty claims — checking photos, verifying purchases, emailing back and forth. I'm building AI that does the whole thing automatically in seconds.",https://www.indiehackers.com/product/kaiki,https://claims.kaiki.dev/,https://storage.googleapis.com/indie-hackers.appspot.com/product-avatars/kaiki/eG9zmoQ6v9Nc8rLJ6YezoIhORSG2,0,1,KAIKII_AI,2026-03,2026-04-07T12:52:19.493Z,2026-04-07T12:51:30.876Z,2026-04-07T13:02:12.406Z,eG9zmoQ6v9Nc8rLJ6YezoIhORSG2,"b2b,e-commerce,saas",subscription,bootstrapped,web,"commitment-full-time,employees-under-10,founders-code-yes,founders-solo,funding-bootstrapped,platform-web,revenue-model-subscription,vertical-b2b,vertical-e-commerce,vertical-saas",2026-04-13T21:01:36.765Z
off-post-pal,Off Post Pal,An Army Family Community Guide,"As a milspouse myself, I know how it is to move frequently - to have no clue about the towns nearby or where military discounts or vet/spouse-owned spots are.  Off Post Pal connects the military family to life off post!",https://www.indiehackers.com/product/off-post-pal,https://apps.apple.com/us/app/off-post-pal/id6759754921,https://storage.googleapis.com/indie-hackers.appspot.com/product-avatars/off-post-pal/Ml3ZbipUbeaSyoH7MD9iQHti48J3,0,1,,2026-01,2026-04-07T12:32:55.986Z,2026-04-07T12:32:55.947Z,2026-04-07T12:45:32.494Z,Ml3ZbipUbeaSyoH7MD9iQHti48J3,"b2c,community,food-drinks,military,movies-video,navigation-mapping,shopping,transportation,travel",subscription,self,"ios,mac","commitment-full-time,employees-0,founders-code-no,founders-solo,funding-self,platform-ios,platform-mac,revenue-model-subscription,vertical-b2c,vertical-community,vertical-food-drinks,vertical-military,vertical-movies-video,vertical-navigation-mapping,vertical-shopping,vertical-transportation,vertical-travel",2026-04-13T21:01:36.765Z
lydra-finance,LYDRA Finance,"AI Expense and Income Tracker (snap, speak, or type to log)","I built LYDRA Finance because manual data entry is tedious. LYDRA lets you log expenses naturally via receipts, voice, or chat while AI handles the structuring. The whole thing takes about five seconds.",https://www.indiehackers.com/product/lydra-finance,https://lydrafinance.com/,https://storage.googleapis.com/indie-hackers.appspot.com/product-avatars/lydra-finance/JB8BZaPkmuhWKaxzGwKF8iaaTZD2,0,1,,2026-01,2026-04-07T12:20:39.938Z,2026-04-07T12:20:40.175Z,2026-04-07T12:49:03.093Z,JB8BZaPkmuhWKaxzGwKF8iaaTZD2,"ai,finance,productivity,saas,utilities",subscription,bootstrapped,"android,desktop,ios,mac,mobile,pc,web","commitment-full-time,employees-0,founders-code-yes,founders-solo,funding-bootstrapped,platform-android,platform-desktop,platform-ios,platform-mac,platform-mobile,platform-pc,platform-web,revenue-model-subscription,vertical-ai,vertical-finance,vertical-productivity,vertical-saas,vertical-utilities,stripe-verified-revenue",2026-04-13T21:01:36.765Z
pdf-clarify,PDF Clarify,"PDFClarify extracts summaries, action items, and key risks.","The idea came from my own pain at school: I constantly had to read long PDFs, and even after going through 20+ pages I still had to reread everything because it was so easy to get lost.",https://www.indiehackers.com/product/pdf-clarify,https://pdfclarify.xyz,https://storage.googleapis.com/indie-hackers.appspot.com/product-avatars/pdf-clarify/pJxniCt8IgPj5iI2lCh1GXo8H9J2,0,1,,2026-03,2026-04-07T11:56:38.164Z,2026-04-07T11:56:38.065Z,2026-04-07T12:01:33.489Z,pJxniCt8IgPj5iI2lCh1GXo8H9J2,"ai,apis,content,productivity,saas,writing",subscription,self,web,"commitment-side-project,employees-0,founders-code-yes,founders-solo,funding-self,platform-web,revenue-model-subscription,vertical-ai,vertical-apis,vertical-content,vertical-productivity,vertical-saas,vertical-writing,stripe-verified-revenue",2026-04-13T21:01:36.765Z
pictureecho-for-mac,PictureEcho for Mac,Best Duplicate Photo Finder: Pro-Grade Accuracy & Speed,PictureEcho by Sorcim is a flagship duplicate photo finder product which has already created value for thousands of users across the globe. The company believes in creating products that help people digitally. ,https://www.indiehackers.com/product/pictureecho-for-mac,https://pictureecho.com/,https://storage.googleapis.com/indie-hackers.appspot.com/product-avatars/pictureecho-for-mac/jE1bpiqZZ2cW8TxB7AbtxzARjwf2,1000,1,,2026-01,2026-04-07T11:54:11.465Z,2026-04-07T11:54:11.033Z,2026-04-07T12:04:17.323Z,jE1bpiqZZ2cW8TxB7AbtxzARjwf2,utilities,transactional,self,"android,mac,pc","commitment-full-time,employees-10-plus,founders-code-yes,founders-solo,funding-self,platform-android,platform-mac,platform-pc,revenue-model-transactional,vertical-utilities",2026-04-13T21:01:36.765Z
flowline,Flowline,AI day planner that respects your real calendar.,"The idea came from my own chaos: I had a growing to‑do list, a busy calendar, and no realistic plan for “what exactly should I do today and when?”
",https://www.indiehackers.com/product/flowline,https://flowline.ink,https://storage.googleapis.com/indie-hackers.appspot.com/product-avatars/flowline/pJxniCt8IgPj5iI2lCh1GXo8H9J2,0,1,,2026-03,2026-04-07T11:45:01.352Z,2026-04-07T11:45:01.237Z,2026-04-07T11:51:15.791Z,pJxniCt8IgPj5iI2lCh1GXo8H9J2,"ai,apis,calendar,productivity,programming,saas",subscription,self,"ios,mac","commitment-full-time,employees-0,founders-code-yes,founders-solo,funding-self,platform-ios,platform-mac,revenue-model-subscription,vertical-ai,vertical-apis,vertical-calendar,vertical-productivity,vertical-programming,vertical-saas",2026-04-13T21:01:36.765Z
clever-bet-labs,Clever Bet Labs,Gaming Guides for New Zealand Players,i want to earn fu*ing million $,https://www.indiehackers.com/product/clever-bet-labs,https://cleverbetlabs.com,https://storage.googleapis.com/indie-hackers.appspot.com/product-avatars/clever-bet-labs/v0COZD2GEkQ4LNLAaq5q7iCx5W63,1000,1,,2024-03,2026-04-07T11:21:37.124Z,2026-04-07T11:21:36.917Z,2026-04-07T11:23:03.314Z,v0COZD2GEkQ4LNLAaq5q7iCx5W63,advertising,advertising,accelerator,,"commitment-full-time,employees-10-plus,founder-multi,founders-code-yes,funding-accelerator,revenue-model-advertising,vertical-advertising",2026-04-13T21:01:36.766Z
aerostack,Aerostack,The Full Stack for AI Agents,"Every AI agent project needs the same infra — auth, gateway, tool orchestration, billing. I got tired of rebuilding it every time. Aerostack is the full stack so you don't have to.",https://www.indiehackers.com/product/aerostack,https://aerostack.dev,https://storage.googleapis.com/indie-hackers.appspot.com/product-avatars/aerostack/dgj6VjpKOTgzGrUoLr0a8dGczyO2,5000,1,aerostackdev,2026-01,2026-04-07T11:04:38.566Z,2026-04-07T11:04:38.385Z,2026-04-07T11:47:47.385Z,dgj6VjpKOTgzGrUoLr0a8dGczyO2,"ai,bots",subscription,self,"mobile,web","commitment-full-time,employees-10-plus,founders-code-yes,founders-solo,funding-self,platform-mobile,platform-web,revenue-model-subscription,vertical-ai,vertical-bots",2026-04-13T21:01:36.766Z
reviewmint,ReviewMint,AI-generated Google review replies for local businesses,"Local businesses spend hours manually replying to Google reviews or just ignore them. ReviewMint uses AI to generate professional, personalized replies in seconds — helping businesses protect their reputation without the",https://www.indiehackers.com/product/reviewmint,https://reviewmint.uk,https://storage.googleapis.com/indie-hackers.appspot.com/product-avatars/reviewmint/FBSZn3GQHGa71LtwQ0oi7up0KVw2,0,1,,2026-03,2026-04-07T11:04:18.116Z,2026-04-07T11:04:17.860Z,2026-04-07T11:15:12.353Z,FBSZn3GQHGa71LtwQ0oi7up0KVw2,"ai,b2b,cro,growth,professional-services,saas",subscription,bootstrapped,web,"commitment-side-project,employees-0,founders-code-yes,founders-solo,funding-bootstrapped,platform-web,revenue-model-subscription,vertical-ai,vertical-b2b,vertical-cro,vertical-growth,vertical-professional-services,vertical-saas",2026-04-13T21:01:36.766Z
loghue,LogHue,See what is happening without chasing updates.,"LogHue lets teams create workspaces, assign tasks, log what was done, and review progress in a calm and focused environment. It replaces scattered updates, endless reminders, and chaotic chats with a predictable, structu",https://www.indiehackers.com/product/loghue,https://loghue.com,https://storage.googleapis.com/indie-hackers.appspot.com/product-avatars/loghue/ppPa4HExRZatSgQPGvcAC0YeFt72,0,1,,2026-02,2026-04-07T10:58:25.501Z,2026-04-07T10:58:25.430Z,2026-04-07T11:18:00.513Z,ppPa4HExRZatSgQPGvcAC0YeFt72,"productivity,saas,task-management","free,subscription",self,web,"commitment-full-time,employees-0,founders-code-yes,founders-solo,funding-self,platform-web,revenue-model-free,revenue-model-subscription,vertical-productivity,vertical-saas,vertical-task-management,stripe-verified-revenue",2026-04-13T21:01:36.766Z
savekit,SaveKit,"Paste any link. Get videos, images, or audio. Free.","Most video downloaders add watermarks, force sign-ups, or hide HD behind a paywall. SaveKit removes all of that. Paste a link from TikTok, Instagram, Pinterest, Facebook, X, or Reddit—get the original video, image, GIF",https://www.indiehackers.com/product/savekit,https://savekit.io,https://storage.googleapis.com/indie-hackers.appspot.com/product-avatars/savekit/3eg4xVAX7HVEzbixdmzXjlKZkTh1,0,1,savekit_tools,2025-09,2026-04-07T10:41:59.622Z,2026-04-07T10:41:59.436Z,2026-04-07T10:48:19.997Z,3eg4xVAX7HVEzbixdmzXjlKZkTh1,"movies-video,professional-services,social-media,utilities",free,self,web,"commitment-side-project,employees-under-10,founders-code-yes,founders-solo,funding-self,platform-web,revenue-model-free,vertical-movies-video,vertical-professional-services,vertical-social-media,vertical-utilities",2026-04-13T21:01:36.766Z
gistr,Gistr,One place for all your learning and research.,We consume a lot of content but the knowledge doesn't compound. Existing tools are either passive or just generate outputs. Gistr turns passive consumption into real understanding.,https://www.indiehackers.com/product/gistr,https://gistr.so/,https://storage.googleapis.com/indie-hackers.appspot.com/product-avatars/gistr/UCU0Qh0zgoNCSeGAqqO9xyrKH7i2,0,1,GistrHQ,2024-04,2026-04-07T10:15:22.302Z,2026-04-07T10:15:22.131Z,2026-04-07T11:00:50.279Z,UCU0Qh0zgoNCSeGAqqO9xyrKH7i2,"ai,b2b,b2c,education,productivity,saas",subscription,bootstrapped,web,"commitment-full-time,employees-under-10,founders-code-no,founders-solo,funding-bootstrapped,platform-web,revenue-model-subscription,vertical-ai,vertical-b2b,vertical-b2c,vertical-education,vertical-productivity,vertical-saas",2026-04-13T21:01:36.766Z
signalcx,SignalCX,AI support inbox that catches problems before your team does,Support teams close tickets all day but nobody connects the dots. A bad supplier batch can cost a brand £24k in refunds over three weeks because each agent sees their complaint as a one-off. We built SignalCX because the,https://www.indiehackers.com/product/signalcx,https://trysignalcx.com,https://storage.googleapis.com/indie-hackers.appspot.com/product-avatars/signalcx/Mf2JkWo0giWmSeCjXFVcNIj24hR2,0,1,oliverecom1,2026-01,2026-04-07T10:10:53.084Z,2026-04-07T10:10:52.961Z,2026-04-08T08:07:42.972Z,Mf2JkWo0giWmSeCjXFVcNIj24hR2,"ai,b2b,b2c,communication,e-commerce","partnerships,subscription,transactional",self,web,"commitment-side-project,employees-under-10,founders-code-yes,founders-solo,funding-self,platform-web,revenue-model-partnerships,revenue-model-subscription,revenue-model-transactional,vertical-ai,vertical-b2b,vertical-b2c,vertical-communication,vertical-e-commerce",2026-04-13T21:01:36.766Z
snaprookies,Snaprookies,"Use 27 AI tools under one account, One subscription",Snaprookies appears to have been created to simplify two common creator needs: generating content with AI and saving useful media quickly. Instead of making users rely on many fragmented tools.,https://www.indiehackers.com/product/snaprookies,https://snaprookies.org,https://storage.googleapis.com/indie-hackers.appspot.com/product-avatars/snaprookies/U7xZdhLXOwZnZDirCoD8099tnHH3,0,1,snaprookies,2025-09,2026-04-07T09:35:13.103Z,2026-04-07T09:35:11.889Z,2026-04-07T09:45:10.116Z,U7xZdhLXOwZnZDirCoD8099tnHH3,"ai,clothing,design,e-commerce,movies-video,productivity,saas,social-media,utilities","advertising,free,subscription",self,web,"commitment-full-time,employees-10-plus,founders-code-yes,founders-solo,funding-self,platform-web,revenue-model-advertising,revenue-model-free,revenue-model-subscription,vertical-ai,vertical-clothing,vertical-design,vertical-e-commerce,vertical-movies-video,vertical-productivity,vertical-saas,vertical-social-media,vertical-utilities",2026-04-13T21:01:36.766Z
co-rise,Co Rise,"Where founders connect, create, and grow.","Co Rise exists because too many founders start alone: they struggle to find the right cofounder, clear guidance, or early‑stage funding. Co Rise fixes that by connecting founders with experienced, compatible cofounders",https://www.indiehackers.com/product/co-rise,https://www.corise.ai/,https://storage.googleapis.com/indie-hackers.appspot.com/product-avatars/co-rise/RI2hOQrAwTQWdAioFP8dDe6yEE23,10000,1,CoRise_official,2024-06,2026-04-07T09:25:06.509Z,2026-04-07T09:25:36.684Z,2026-04-07T09:37:33.073Z,RI2hOQrAwTQWdAioFP8dDe6yEE23,"communication,community,growth",subscription,bootstrapped,"desktop,pc,web","commitment-full-time,employees-50-plus,founders-code-yes,founders-solo,funding-bootstrapped,platform-desktop,platform-pc,platform-web,revenue-model-subscription,vertical-communication,vertical-community,vertical-growth",2026-04-13T21:01:36.766Z
built-written,Built&Written,AI Book Editor for Amazon KDP,"Entrepreneurs and coaches kept telling us they wanted to write a book to build authority — but the process was brutal. Draft in ChatGPT, paste into Docs, format in Atticus, design a cover in Canva, fight with Kindle Crea",https://www.indiehackers.com/product/built-written,https://www.builtwritten.com/,https://storage.googleapis.com/indie-hackers.appspot.com/product-avatars/built-written/XpcMIcq6uzg8FkZNgTyb1R6mQVh1,0,1,,2025-12,2026-04-07T09:14:22.386Z,2026-04-07T09:14:22.161Z,2026-04-07T10:05:53.006Z,XpcMIcq6uzg8FkZNgTyb1R6mQVh1,"ai,b2c,books,content,growth,productivity,saas,writing",subscription,"bootstrapped,self",web,"commitment-full-time,employees-under-10,founder-multi,founders-code-yes,funding-bootstrapped,funding-self,platform-web,revenue-model-subscription,vertical-ai,vertical-b2c,vertical-books,vertical-content,vertical-growth,vertical-productivity,vertical-saas,vertical-writing,stripe-verified-revenue",2026-04-13T21:01:36.766Z
lemonspace,LemonSpace,Node-based creative workflows on an infinite canvas,"LemonSpace mainly exists to support my wife with her sales business, as she struggles to come up with and design social media ads and engaging messenger content. It's not just another AI-wrapper, it's a pipeline.",https://www.indiehackers.com/product/lemonspace,https://lemonspace.io,https://storage.googleapis.com/indie-hackers.appspot.com/product-avatars/lemonspace/y9wWUW8djFTg3W23Eb1a3Vps81F3,0,1,matthias_builds,2025-11,2026-04-07T08:56:34.230Z,2026-04-07T08:56:34.099Z,2026-04-11T19:35:58.353Z,y9wWUW8djFTg3W23Eb1a3Vps81F3,"b2b,marketing,saas",subscription,bootstrapped,web,"commitment-side-project,employees-0,founders-code-yes,founders-solo,funding-bootstrapped,platform-web,revenue-model-subscription,vertical-b2b,vertical-marketing,vertical-saas",2026-04-13T21:01:36.766Z
